design_name,Theme,,,,,Theme Master
3 PHEASANTS,Outdoors and Wildlife,,,,,Ranch and Farm Life
3 PINES,Outdoors and Wildlife,,,,,Americana Icons
ANTELOPE,Outdoors and Wildlife,,,,,Faith and Honor
BAREBACK,Western Life,,,,,Rustic Living
BARREL RACER,Western Life,,,,,Western Life
BASS,Outdoors and Wildlife,,,,,Frontier Heritage
BEARS,Outdoors and Wildlife,,,,,Love and Companionship
BIGHORN,Outdoors and Wildlife,,,,,Motors and Machines
BLK BEAR,Outdoors and Wildlife,,,,,Native and Symbolic
BOOT,Western Life,,,,,Outdoors and Wildlife
BRONC,Western Life,,,,,
BRONC 1,Western Life,,,,,
BRONC 2,Western Life,,,,,
BUFFALO,Frontier Heritage,,,,,
BUFFALO 1,Frontier Heritage,,,,,
BUFFALO 2,Frontier Heritage,,,,,
BUGLING ELK,Outdoors and Wildlife,,,,,
BULL,Western Life,,,,,
BULL ELK 1,Outdoors and Wildlife,,,,,
BULL ELK 2,Outdoors and Wildlife,,,,,
BULL RIDER,Western Life,,,,,
BULLDOGGER,Western Life,,,,,
CABIN,Rustic Living,,,,,
CACTUS,Rustic Living,,,,,
CALF,Ranch and Farm Life,,,,,
CAMPFIRE,Rustic Living,,,,,
CARIBOU,Outdoors and Wildlife,,,,,
CAT,Ranch and Farm Life,,,,,
CHARIOT RACER,Motors and Machines,,,,,
COUGAR,Outdoors and Wildlife,,,,,
COW AND CALF,Ranch and Farm Life,,,,,
COW/CALF,Ranch and Farm Life,,,,,
COWBOY,Western Life,,,,,
COWBOY 1,Western Life,,,,,
COWBOY 2,Western Life,,,,,
COWBOY 3,Western Life,,,,,
COWBOY 4,Western Life,,,,,
COWBOY 5,Western Life,,,,,
COWBOY/FENCE,Western Life,,,,,
COWGIRL 1,Western Life,,,,,
COWGIRL 2,Western Life,,,,,
COYOTE 1,Outdoors and Wildlife,,,,,
COYOTE 2,Outdoors and Wildlife,,,,,
CRANE,Outdoors and Wildlife,,,,,
CUBS,Outdoors and Wildlife,,,,,
CUTTER,Western Life,,,,,
CYCLE 1,Motors and Machines,,,,,
CYCLE 2,Motors and Machines,,,,,
DBL RIDERS,Love and Companionship,,,,,
DELIVERANCE,Faith and Honor,,,,,
DONKEY,Ranch and Farm Life,,,,,
DRAFT,Ranch and Farm Life,,,,,
DRESSAGE,Western Life,,,,,
DUCK 1,Outdoors and Wildlife,,,,,
DUCK 2,Outdoors and Wildlife,,,,,
EAGLE,Americana Icons,,,,,
ELK 1,Outdoors and Wildlife,,,,,
ELK 2,Outdoors and Wildlife,,,,,
ELK 3,Outdoors and Wildlife,,,,,
ELK FEVER,Outdoors and Wildlife,,,,,
END OF TRAIL,Americana Icons,,,,,
FERRIER,Ranch and Farm Life,,,,,
FLYING DUCK,Outdoors and Wildlife,,,,,
GRAZING,Rustic Living,,,,,
GRIZZLEYS/CUBS,Outdoors and Wildlife,,,,,
GRIZZLY,Outdoors and Wildlife,,,,,
GUN 1,Western Life,,,,,
GUN 2,Western Life,,,,,
HARLEYS,Motors and Machines,,,,,
HAT,Western Life,,,,,
HEELER,Western Life,,,,,
HITCHING POST,Western Life,,,,,
HORSE & BUGGY,Ranch and Farm Life,,,,,
HORSE PACK,Ranch and Farm Life,,,,,
HORSES,Western Life,,,,,
HORSESHOE,Western Life,,,,,
JUMPER,Ranch and Farm Life,,,,,
JUMPING WHITETAIL 1,Outdoors and Wildlife,,,,,
JUMPING WHITETAIL 2,Outdoors and Wildlife,,,,,
KOKOPELLI,Native and Symbolic,,,,,
KOKOPELLI 2,Native and Symbolic,,,,,
LAB 1,Outdoors and Wildlife,,,,,
LAB 2,Outdoors and Wildlife,,,,,
LADY RIDER 1,Love and Companionship,,,,,
LADY RIDER 2,Love and Companionship,,,,,
LLAMA,Outdoors and Wildlife,,,,,
LONGHORN 1,Frontier Heritage,,,,,
LONGHORN 2,Frontier Heritage,,,,,
LONGHORNS,Frontier Heritage,,,,,
LOVERS 1,Love and Companionship,,,,,
LOVERS 2,Love and Companionship,,,,,
LOVERS 2/OAK,Love and Companionship,,,,,
LOVERS 3,Love and Companionship,,,,,
LOVERS/ROSE,Love and Companionship,,,,,
MAILBOX,Rustic Living,,,,,
MAKIN’ MOOSE,Outdoors and Wildlife,,,,,
MAKIN’ STEAK,Rustic Living,,,,,
MAN RIDER 1,Western Life,,,,,
MAN RIDER 2,Western Life,,,,,
MAN RIDER 3,Western Life,,,,,
MARE/FOAL,Ranch and Farm Life,,,,,
MOOSE,Outdoors and Wildlife,,,,,
MOOSE 1,Outdoors and Wildlife,,,,,
MOOSE 2,Outdoors and Wildlife,,,,,
MOOSE 3,Outdoors and Wildlife,,,,,
MULE,Ranch and Farm Life,,,,,
MULE DEER 1,Outdoors and Wildlife,,,,,
MULE DEER 2,Outdoors and Wildlife,,,,,
MULE LOVERS,Love and Companionship,,,,,
MULE PACK 1,Ranch and Farm Life,,,,,
MULE PACK 2,Ranch and Farm Life,,,,,
MULE RIDER,Ranch and Farm Life,,,,,
MULE STAGE,Ranch and Farm Life,,,,,
OAK TREE,Rustic Living,,,,,
OUTHOUSE,Rustic Living,,,,,
PHEASANT,Outdoors and Wildlife,,,,,
PIG,Ranch and Farm Life,,,,,
PINE CONE,Rustic Living,,,,,
PINE TREE,Rustic Living,,,,,
PINEBOUGH,Rustic Living,,,,,
PRAYING COWBOY,Faith and Honor,,,,,
PRAYING COWGIRL,Faith and Honor,,,,,
PRAYING SOLDIER,Faith and Honor,,,,,
QTR HORSE,Ranch and Farm Life,,,,,
QUAIL,Outdoors and Wildlife,,,,,
RACEHORSE,Motors and Machines,,,,,
REINED,Western Life,,,,,
REINER,Western Life,,,,,
RIDER,Western Life,,,,,
ROOSTER,Outdoors and Wildlife,,,,,
ROPER 1,Western Life,,,,,
ROPER 2,Western Life,,,,,
ROPER 3,Western Life,,,,,
RUNNING 1,Ranch and Farm Life,,,,,
RUNNING 2,Ranch and Farm Life,,,,,
RUNNING 3,Ranch and Farm Life,,,,,
RUNNING HORSES 1,Ranch and Farm Life,,,,,
RUNNING HORSES 2,Ranch and Farm Life,,,,,
RUNNING WOLF,Outdoors and Wildlife,,,,,
SADDLE,Western Life,,,,,
SHERRIF STAR,Americana Icons,,,,,
SKULL 1,Americana Icons,,,,,
SKULL 2,Americana Icons,,,,,
STAGE,Frontier Heritage,,,,,
STALLION,Ranch and Farm Life,,,,,
STAR,Americana Icons,,,,,
SULKY,Motors and Machines,,,,,
TEAM ROPERS,Western Life,,,,,
TEAMROPERS,Western Life,,,,,
TEXAS,Americana Icons,,,,,
TN WALKER,Ranch and Farm Life,,,,,
TRACTOR 1,Ranch and Farm Life,,,,,
TRACTOR 2,Ranch and Farm Life,,,,,
TRACTOR 3,Ranch and Farm Life,,,,,
TRACTOR 4,Ranch and Farm Life,,,,,
TRIPPER,Ranch and Farm Life,,,,,
TROUT,Outdoors and Wildlife,,,,,
TURKEY,Outdoors and Wildlife,,,,,
WHITETAIL 1,Outdoors and Wildlife,,,,,
WHITETAIL 2,Outdoors and Wildlife,,,,,
WHITETAILS/OAK,Outdoors and Wildlife,,,,,
WHITETAILS/PINE,Outdoors and Wildlife,,,,,
WINDMILL,Rustic Living,,,,,
WOLF,Outdoors and Wildlife,,,,,
WYO BRONC,Wyoming Life,,,,,
