page,original,new,design,status
100,page_100_1.jpg,Unmatched_Page100_page_100_1.jpg,,unmatched
100,page_100_2.jpg,Unmatched_Page100_page_100_2.jpg,,unmatched
100,page_100_3.jpg,Unmatched_Page100_page_100_3.jpg,,unmatched
100,page_100_4.jpg,Unmatched_Page100_page_100_4.jpg,,unmatched
100,page_100_5.jpg,Unmatched_Page100_page_100_5.jpg,,unmatched
100,page_100_6.jpg,Unmatched_Page100_page_100_6.jpg,,unmatched
100,page_100_7.jpg,Unmatched_Page100_page_100_7.jpg,,unmatched
100,page_100_8.jpg,Unmatched_Page100_page_100_8.jpg,,unmatched
100,page_100_9.jpg,Unmatched_Page100_page_100_9.jpg,,unmatched
10,page_10_1.jpg,Page10__COUGAR__Page10.jpg,COUGAR,matched
10,page_10_2.jpg,Page10__BULL_ELK_1__Page10.jpg,BULL ELK 1,matched
10,page_10_3.jpg,Page10__BULL_ELK_2__Page10.jpg,BULL ELK 2,matched
10,page_10_4.jpg,Page10__CARIBOU__Page10.jpg,CARIBOU,matched
10,page_10_5.jpg,Page10__BIGHORN__Page10.jpg,BIGHORN,matched
11,page_11_1.jpg,Page11__WHITETAIL_1__Page11.jpg,WHITETAIL 1,matched
11,page_11_2.jpg,Page11__WHITETAIL_2__Page11.jpg,WHITETAIL 2,matched
11,page_11_3.jpg,Page11__MULE_DEER_1__Page11.jpg,MULE DEER 1,matched
11,page_11_4.jpg,Page11__MULE_DEER_2__Page11.jpg,MULE DEER 2,matched
11,page_11_5.jpg,Page11__ANTELOPE__Page11.jpg,ANTELOPE,matched
12,page_12_1.jpg,Page12__WHITETAIL_1__Page12.jpg,WHITETAIL 1,matched
12,page_12_2.jpg,Page12__WHITETAIL_2__Page12.jpg,WHITETAIL 2,matched
12,page_12_3.jpg,Page12__MULE_DEER_1__Page12.jpg,MULE DEER 1,matched
12,page_12_4.jpg,Page12__MULE_DEER_2__Page12.jpg,MULE DEER 2,matched
12,page_12_5.jpg,Page12__ANTELOPE__Page12.jpg,ANTELOPE,matched
13,page_13_1.jpg,Page13__BUFFALO_1__Page13.jpg,BUFFALO 1,matched
13,page_13_2.jpg,Page13__BUFFALO_2__Page13.jpg,BUFFALO 2,matched
13,page_13_3.jpg,Page13__MOOSE_1__Page13.jpg,MOOSE 1,matched
13,page_13_4.jpg,Page13__MOOSE_2__Page13.jpg,MOOSE 2,matched
13,page_13_5.jpg,Page13__MOOSE_3__Page13.jpg,MOOSE 3,matched
14,page_14_1.jpg,Page14__BUFFALO_1__Page14.jpg,BUFFALO 1,matched
14,page_14_2.jpg,Page14__BUFFALO_2__Page14.jpg,BUFFALO 2,matched
14,page_14_3.jpg,Page14__MOOSE_1__Page14.jpg,MOOSE 1,matched
14,page_14_4.jpg,Page14__MOOSE_2__Page14.jpg,MOOSE 2,matched
14,page_14_5.jpg,Page14__MOOSE_3__Page14.jpg,MOOSE 3,matched
15,page_15_1.jpg,Page15__COYOTE_1__Page15.jpg,COYOTE 1,matched
15,page_15_2.jpg,Page15__COYOTE_2__Page15.jpg,COYOTE 2,matched
15,page_15_3.jpg,Page15__WOLF__Page15.jpg,WOLF,matched
15,page_15_4.jpg,Page15__RUNNING_WOLF__Page15.jpg,RUNNING WOLF,matched
15,page_15_5.jpg,Page15__TROUT__Page15.jpg,TROUT,matched
15,page_15_6.jpg,Page15__BASS__Page15.jpg,BASS,matched
16,page_16_1.jpg,Page16__COYOTE_1__Page16.jpg,COYOTE 1,matched
16,page_16_2.jpg,Page16__COYOTE_2__Page16.jpg,COYOTE 2,matched
16,page_16_3.jpg,Page16__WOLF__Page16.jpg,WOLF,matched
16,page_16_4.jpg,Page16__RUNNING_WOLF__Page16.jpg,RUNNING WOLF,matched
16,page_16_5.jpg,Page16__TROUT__Page16.jpg,TROUT,matched
16,page_16_6.jpg,Page16__BASS__Page16.jpg,BASS,matched
17,page_17_1.jpg,Page17__GRIZZLY__Page17.jpg,GRIZZLY,matched
17,page_17_2.jpg,Page17__CUBS__Page17.jpg,CUBS,matched
17,page_17_3.jpg,Page17__BLK_BEAR__Page17.jpg,BLK BEAR,matched
17,page_17_4.jpg,Page17__DONKEY__Page17.jpg,DONKEY,matched
17,page_17_5.jpg,Page17__MULE__Page17.jpg,MULE,matched
18,page_18_1.jpg,Page18__GRIZZLY__Page18.jpg,"
GRIZZLY",matched
18,page_18_2.jpg,Page18__CUBS__Page18.jpg,CUBS,matched
18,page_18_3.jpg,Page18__BLK_BEAR__Page18.jpg,BLK BEAR,matched
18,page_18_4.jpg,Page18__DONKEY__Page18.jpg,"
DONKEY",matched
18,page_18_5.jpg,Page18__MULE__Page18.jpg,"
MULE",matched
19,page_19_1.jpg,Page19__STALLION__Page19.jpg,STALLION,matched
19,page_19_2.jpg,Page19__QTR_HORSE__Page19.jpg,QTR HORSE,matched
19,page_19_3.jpg,Page19__GRAZING__Page19.jpg,GRAZING,matched
19,page_19_4.jpg,Page19__MARE_FOAL__Page19.jpg,MARE/FOAL,matched
19,page_19_5.jpg,Page19__REINED__Page19.jpg,REINED,matched
1,page_1_1.jpg,Unmatched_Page1_page_1_1.jpg,,unmatched
20,page_20_1.jpg,Page20__STALLION__Page20.jpg,STALLION,matched
20,page_20_2.jpg,Page20__QTR_HORSE__Page20.jpg,QTR HORSE,matched
20,page_20_3.jpg,Page20__GRAZING__Page20.jpg,GRAZING,matched
20,page_20_4.jpg,Page20__MARE_FOAL__Page20.jpg,MARE/FOAL,matched
20,page_20_5.jpg,Page20__REINED__Page20.jpg,REINED,matched
21,page_21_1.jpg,Page21__RUNNING_1__Page21.jpg,RUNNING 1,matched
21,page_21_2.jpg,Page21__RUNNING_2__Page21.jpg,RUNNING 2,matched
21,page_21_3.jpg,Page21__RUNNING_3__Page21.jpg,RUNNING 3,matched
21,page_21_4.jpg,Page21__DRAFT__Page21.jpg,DRAFT,matched
21,page_21_5.jpg,Page21__TN_WALKER__Page21.jpg,TN WALKER,matched
22,page_22_1.jpg,Page22__RUNNING_1__Page22.jpg,RUNNING 1,matched
22,page_22_2.jpg,Page22__RUNNING_2__Page22.jpg,RUNNING 2,matched
22,page_22_3.jpg,Page22__RUNNING_3__Page22.jpg,RUNNING 3,matched
22,page_22_4.jpg,Page22__DRAFT__Page22.jpg,DRAFT,matched
22,page_22_5.jpg,Page22__TN_WALKER__Page22.jpg,TN WALKER,matched
23,page_23_1.jpg,Page23__CRANE__Page23.jpg,CRANE,matched
23,page_23_2.jpg,Page23__EAGLE__Page23.jpg,EAGLE,matched
23,page_23_3.jpg,Page23__DUCK_1__Page23.jpg,DUCK 1,matched
23,page_23_4.jpg,Page23__DUCK_2__Page23.jpg,DUCK 2,matched
23,page_23_5.jpg,Page23__ROOSTER__Page23.jpg,ROOSTER,matched
24,page_24_1.jpg,Page24__CRANE__Page24.jpg,CRANE,matched
24,page_24_2.jpg,Page24__EAGLE__Page24.jpg,EAGLE,matched
24,page_24_3.jpg,Page24__DUCK_1__Page24.jpg,DUCK 1,matched
24,page_24_4.jpg,Page24__DUCK_2__Page24.jpg,DUCK 2,matched
24,page_24_5.jpg,Page24__ROOSTER__Page24.jpg,ROOSTER,matched
25,page_25_1.jpg,Page25__QUAIL__Page25.jpg,QUAIL,matched
25,page_25_2.jpg,Page25__TURKEY__Page25.jpg,TURKEY,matched
25,page_25_3.jpg,Page25__PHEASANT__Page25.jpg,PHEASANT,matched
25,page_25_4.jpg,Page25__MAKIN__Page25.jpg,MAKIN’ ,matched
25,page_25_5.jpg,Page25__MAKIN__Page25_2.jpg,MAKIN’ ,matched
25,page_25_6.jpg,Page25__ELK_FEVER__Page25.jpg,ELK FEVER,matched
26,page_26_1.jpg,Page26__QUAIL__Page26.jpg,QUAIL,matched
26,page_26_2.jpg,Page26__PHEASANT__Page26.jpg,PHEASANT,matched
26,page_26_3.jpg,Unmatched_Page26_page_26_3.jpg,,overflow
26,page_26_4.jpg,Unmatched_Page26_page_26_4.jpg,,overflow
26,page_26_5.jpg,Unmatched_Page26_page_26_5.jpg,,overflow
26,page_26_6.jpg,Unmatched_Page26_page_26_6.jpg,,overflow
27,page_27_1.jpg,Page27__PIG__Page27.jpg,PIG,matched
27,page_27_2.jpg,Page27__LLAMA__Page27.jpg,LLAMA,matched
27,page_27_3.jpg,Page27__HEELER__Page27.jpg,HEELER,matched
27,page_27_4.jpg,Page27__LAB_1__Page27.jpg,LAB 1,matched
27,page_27_5.jpg,Page27__LAB_2__Page27.jpg,LAB 2,matched
28,page_28_1.jpg,Page28__PIG__Page28.jpg,PIG,matched
28,page_28_2.jpg,Page28__LLAMA__Page28.jpg,LLAMA,matched
28,page_28_3.jpg,Page28__HEELER__Page28.jpg,HEELER,matched
28,page_28_4.jpg,Page28__LAB_1__Page28.jpg,LAB 1,matched
28,page_28_5.jpg,Page28__LAB_2__Page28.jpg,LAB 2,matched
29,page_29_1.jpg,Page29__CAT__Page29.jpg,CAT,matched
29,page_29_2.jpg,Page29__COW_CALF__Page29.jpg,COW/CALF,matched
29,page_29_3.jpg,Page29__BULL__Page29.jpg,BULL,matched
29,page_29_4.jpg,Page29__LONGHORN_1__Page29.jpg,LONGHORN 1,matched
29,page_29_5.jpg,Page29__LONGHORN_2__Page29.jpg,LONGHORN 2,matched
2,page_2_1.jpg,Unmatched_Page2_page_2_1.jpg,,unmatched
2,page_2_2.jpg,Unmatched_Page2_page_2_2.jpg,,unmatched
2,page_2_3.jpg,Unmatched_Page2_page_2_3.jpg,,unmatched
30,page_30_1.jpg,Page30__CAT__Page30.jpg,CAT,matched
30,page_30_2.jpg,Page30__COW_CALF__Page30.jpg,COW/CALF,matched
30,page_30_3.jpg,Page30__BULL__Page30.jpg,BULL,matched
30,page_30_4.jpg,Page30__LONGHORN_1__Page30.jpg,LONGHORN 1,matched
30,page_30_5.jpg,Page30__LONGHORN_2__Page30.jpg,LONGHORN 2,matched
31,page_31_1.jpg,Page31__STAGE__Page31.jpg,STAGE,matched
31,page_31_2.jpg,Page31__CABIN__Page31.jpg,CABIN,matched
31,page_31_3.jpg,Page31__CYCLE_1__Page31.jpg,CYCLE 1,matched
31,page_31_4.jpg,Page31__CYCLE_2__Page31.jpg,CYCLE 2,matched
31,page_31_5.jpg,Page31__OUTHOUSE__Page31.jpg,OUTHOUSE,matched
32,page_32_1.jpg,Page32__STAGE__Page32.jpg,STAGE,matched
32,page_32_2.jpg,Page32__CABIN__Page32.jpg,CABIN,matched
32,page_32_3.jpg,Page32__CYCLE_1__Page32.jpg,CYCLE 1,matched
32,page_32_4.jpg,Page32__CYCLE_2__Page32.jpg,CYCLE 2,matched
32,page_32_5.jpg,Page32__OUTHOUSE__Page32.jpg,OUTHOUSE,matched
33,page_33_1.jpg,Page33__TRACTOR_1__Page33.jpg,TRACTOR 1,matched
33,page_33_2.jpg,Page33__TRACTOR_2__Page33.jpg,TRACTOR 2,matched
33,page_33_3.jpg,Page33__TRACTOR_3__Page33.jpg,TRACTOR 3,matched
33,page_33_4.jpg,Page33__TRACTOR_4__Page33.jpg,TRACTOR 4,matched
33,page_33_5.jpg,Page33__WINDMILL__Page33.jpg,WINDMILL,matched
34,page_34_1.jpg,Page34__TRACTOR_1__Page34.jpg,TRACTOR 1,matched
34,page_34_2.jpg,Page34__TRACTOR_2__Page34.jpg,"
TRACTOR 2",matched
34,page_34_3.jpg,Page34__TRACTOR_3__Page34.jpg,"
TRACTOR 3",matched
34,page_34_4.jpg,Page34__TRACTOR_4__Page34.jpg,"
TRACTOR 4",matched
34,page_34_5.jpg,Page34__WINDMILL__Page34.jpg,"
WINDMILL",matched
35,page_35_1.jpg,Page35__MAN_RIDER_1__Page35.jpg,MAN RIDER 1,matched
35,page_35_2.jpg,Page35__MAN_RIDER_2__Page35.jpg,MAN RIDER 2,matched
35,page_35_3.jpg,Page35__MAN_RIDER_3__Page35.jpg,"
MAN RIDER 3",matched
35,page_35_4.jpg,Page35__LADY_RIDER_1__Page35.jpg,LADY RIDER 1,matched
35,page_35_5.jpg,Page35__LADY_RIDER_2__Page35.jpg,"
LADY RIDER 2",matched
36,page_36_1.jpg,Page36__MAN_RIDER_1__Page36.jpg,MAN RIDER 1,matched
36,page_36_2.jpg,Page36__MAN_RIDER_2__Page36.jpg,MAN RIDER 2,matched
36,page_36_3.jpg,Page36__MAN_RIDER_3__Page36.jpg,"
MAN RIDER 3",matched
36,page_36_4.jpg,Page36__LADY_RIDER_1__Page36.jpg,LADY RIDER 1,matched
36,page_36_5.jpg,Page36__LADY_RIDER_2__Page36.jpg,"
LADY RIDER 2",matched
37,page_37_1.jpg,Page37__REINER__Page37.jpg,REINER,matched
37,page_37_2.jpg,Page37__CUTTER__Page37.jpg,CUTTER,matched
37,page_37_3.jpg,Page37__RIDER__Page37.jpg,RIDER,matched
37,page_37_4.jpg,Page37__DBL_RIDERS__Page37.jpg,DBL RIDERS,matched
37,page_37_5.jpg,Page37__MULE_RIDER__Page37.jpg,MULE RIDER,matched
38,page_38_1.jpg,Page38__REINER__Page38.jpg,REINER,matched
38,page_38_2.jpg,Page38__CUTTER__Page38.jpg,CUTTER,matched
38,page_38_3.jpg,Page38__RIDER__Page38.jpg,RIDER,matched
38,page_38_4.jpg,Page38__DBL_RIDERS__Page38.jpg,DBL RIDERS,matched
38,page_38_5.jpg,Page38__MULE_RIDER__Page38.jpg,MULE RIDER,matched
39,page_39_1.jpg,Page39__COWBOY_1__Page39.jpg,"
COWBOY 1",matched
39,page_39_2.jpg,Page39__COWBOY_2__Page39.jpg,"
COWBOY 2",matched
39,page_39_3.jpg,Page39__COWGIRL_1__Page39.jpg,"
COWGIRL 1",matched
39,page_39_4.jpg,Page39__LOVERS_1_LOVERS_ROSE__Page39.jpg,"
LOVERS 1 LOVERS/ROSE",matched
39,page_39_5.jpg,Unmatched_Page39_page_39_5.jpg,,overflow
3,page_3_1.jpg,Unmatched_Page3_page_3_1.jpg,,unmatched
3,page_3_2.jpg,Unmatched_Page3_page_3_2.jpg,,unmatched
3,page_3_3.jpg,Unmatched_Page3_page_3_3.jpg,,unmatched
40,page_40_1.jpg,Page40__COWBOY_1__Page40.jpg,COWBOY 1,matched
40,page_40_2.jpg,Page40__COWBOY_2__Page40.jpg,COWBOY 2,matched
40,page_40_3.jpg,Page40__COWGIRL_1__Page40.jpg,COWGIRL 1,matched
40,page_40_4.jpg,Page40__LOVERS_1__Page40.jpg,LOVERS 1,matched
40,page_40_5.jpg,Page40__LOVERS_ROSE__Page40.jpg,LOVERS/ROSE,matched
41,page_41_1.jpg,Page41__COWGIRL_2__Page41.jpg,COWGIRL 2,matched
41,page_41_2.jpg,Page41__COWBOY_3__Page41.jpg,COWBOY 3,matched
41,page_41_3.jpg,Page41__COWBOY_4__Page41.jpg,COWBOY 4,matched
41,page_41_4.jpg,Page41__COWBOY_5__Page41.jpg,COWBOY 5,matched
41,page_41_5.jpg,Page41__LOVERS_3__Page41.jpg,LOVERS 3,matched
42,page_42_1.jpg,Page42__COWGIRL_2__Page42.jpg,"
COWGIRL 2",matched
42,page_42_2.jpg,Page42__COWBOY_3__Page42.jpg,"
COWBOY 3",matched
42,page_42_3.jpg,Page42__COWBOY_4__Page42.jpg,"
COWBOY 4",matched
42,page_42_4.jpg,Page42__COWBOY_5__Page42.jpg,"
COWBOY 5",matched
42,page_42_5.jpg,Page42__LOVERS_3__Page42.jpg,"
LOVERS 3",matched
43,page_43_1.jpg,Page43__BARREL_RACER__Page43.jpg,BARREL RACER,matched
43,page_43_2.jpg,Page43__BULL_RIDER__Page43.jpg,BULL RIDER,matched
43,page_43_3.jpg,Page43__BRONC_1__Page43.jpg,BRONC 1,matched
43,page_43_4.jpg,Page43__BRONC_2__Page43.jpg,BRONC 2,matched
43,page_43_5.jpg,Page43__BAREBACK__Page43.jpg,BAREBACK,matched
43,page_43_6.jpg,Page43__WYO_BRONC__Page43.jpg,"WYO
BRONC® ",matched
44,page_44_1.jpg,Page44__BARREL_RACER__Page44.jpg,BARREL RACER,matched
44,page_44_2.jpg,Page44__BULL_RIDER__Page44.jpg,BULL RIDER,matched
44,page_44_3.jpg,Page44__BRONC_1__Page44.jpg,BRONC 1,matched
44,page_44_4.jpg,Page44__BRONC_2__Page44.jpg,BRONC 2,matched
44,page_44_5.jpg,Page44__BAREBACK__Page44.jpg,BAREBACK,matched
44,page_44_6.jpg,Page44__WYO_BRONC__Page44.jpg,WYO BRONC® ,matched
45,page_45_1.jpg,Page45__HORSESHOE__Page45.jpg,HORSESHOE,matched
45,page_45_2.jpg,Page45__ROPER_1__Page45.jpg,ROPER 1,matched
45,page_45_3.jpg,Page45__ROPER_2__Page45.jpg,ROPER 2,matched
45,page_45_4.jpg,Page45__ROPER_3__Page45.jpg,ROPER 3,matched
45,page_45_5.jpg,Page45__TRIPPER__Page45.jpg,TRIPPER,matched
46,page_46_1.jpg,Page46__HORSESHOE__Page46.jpg,HORSESHOE,matched
46,page_46_2.jpg,Page46__ROPER_1__Page46.jpg,ROPER 1,matched
46,page_46_3.jpg,Page46__ROPER_2__Page46.jpg,ROPER 2,matched
46,page_46_4.jpg,Page46__ROPER_3__Page46.jpg,ROPER 3,matched
46,page_46_5.jpg,Page46__TRIPPER__Page46.jpg,TRIPPER,matched
47,page_47_1.jpg,Page47__BULLDOGGER__Page47.jpg,BULLDOGGER,matched
47,page_47_2.jpg,Page47__TEAM_ROPERS__Page47.jpg,TEAM ROPERS,matched
47,page_47_3.jpg,Page47__GUN_1__Page47.jpg,GUN 1,matched
47,page_47_4.jpg,Page47__GUN_2__Page47.jpg,GUN 2,matched
48,page_48_1.jpg,Page48__BULLDOGGER__Page48.jpg,BULLDOGGER,matched
48,page_48_2.jpg,Page48__TEAM_ROPERS__Page48.jpg,TEAM ROPERS,matched
48,page_48_3.jpg,Page48__GUN_1__Page48.jpg,GUN 1,matched
48,page_48_4.jpg,Page48__GUN_2__Page48.jpg,GUN 2,matched
49,page_49_1.jpg,Page49__DRESSAGE__Page49.jpg,DRESSAGE,matched
49,page_49_2.jpg,Page49__RACEHORSE__Page49.jpg,RACEHORSE,matched
49,page_49_3.jpg,Page49__JUMPER__Page49.jpg,JUMPER,matched
49,page_49_4.jpg,Page49__SULKY__Page49.jpg,SULKY,matched
49,page_49_5.jpg,Page49__CHARIOT_RAC__Page49.jpg,CHARIOT RAC-,matched
4,page_4_1.jpg,Unmatched_Page4_page_4_1.jpg,,unmatched
4,page_4_10.jpg,Unmatched_Page4_page_4_10.jpg,,unmatched
4,page_4_11.jpg,Unmatched_Page4_page_4_11.jpg,,unmatched
4,page_4_12.jpg,Unmatched_Page4_page_4_12.jpg,,unmatched
4,page_4_13.jpg,Unmatched_Page4_page_4_13.jpg,,unmatched
4,page_4_14.jpg,Unmatched_Page4_page_4_14.jpg,,unmatched
4,page_4_15.jpg,Unmatched_Page4_page_4_15.jpg,,unmatched
4,page_4_16.jpg,Unmatched_Page4_page_4_16.jpg,,unmatched
4,page_4_17.jpg,Unmatched_Page4_page_4_17.jpg,,unmatched
4,page_4_18.jpg,Unmatched_Page4_page_4_18.jpg,,unmatched
4,page_4_19.jpg,Unmatched_Page4_page_4_19.jpg,,unmatched
4,page_4_2.jpg,Unmatched_Page4_page_4_2.jpg,,unmatched
4,page_4_3.jpg,Unmatched_Page4_page_4_3.jpg,,unmatched
4,page_4_4.jpg,Unmatched_Page4_page_4_4.jpg,,unmatched
4,page_4_5.jpg,Unmatched_Page4_page_4_5.jpg,,unmatched
4,page_4_6.jpg,Unmatched_Page4_page_4_6.jpg,,unmatched
4,page_4_7.jpg,Unmatched_Page4_page_4_7.jpg,,unmatched
4,page_4_8.jpg,Unmatched_Page4_page_4_8.jpg,,unmatched
4,page_4_9.jpg,Unmatched_Page4_page_4_9.jpg,,unmatched
50,page_50_1.jpg,Page50__DRESSAGE__Page50.jpg,DRESSAGE,matched
50,page_50_2.jpg,Page50__RACEHORSE__Page50.jpg,RACEHORSE,matched
50,page_50_3.jpg,Page50__JUMPER__Page50.jpg,JUMPER,matched
50,page_50_4.jpg,Page50__SULKY__Page50.jpg,SULKY,matched
50,page_50_5.jpg,Page50__CHARIOT_RACER__Page50.jpg,CHARIOT RACER,matched
51,page_51_1.jpg,Page51__OAK_TREE__Page51.jpg,OAK TREE,matched
51,page_51_2.jpg,Page51__CACTUS__Page51.jpg,CACTUS,matched
51,page_51_3.jpg,Page51__PINE_TREE__Page51.jpg,PINE TREE,matched
51,page_51_4.jpg,Page51__3_PINES__Page51.jpg,3 PINES,matched
51,page_51_5.jpg,Page51__PINE_CONE__Page51.jpg,PINE CONE,matched
52,page_52_1.jpg,Page52__OAK_TREE__Page52.jpg,"
OAK TREE",matched
52,page_52_2.jpg,Page52__CACTUS__Page52.jpg,"
CACTUS",matched
52,page_52_3.jpg,Page52__PINE_TREE__Page52.jpg,"
PINE TREE",matched
52,page_52_4.jpg,Page52__3_PINES__Page52.jpg,3 PINES,matched
52,page_52_5.jpg,Page52__PINE_CONE__Page52.jpg,PINE CONE,matched
53,page_53_1.jpg,Page53__DELIVERANCE__Page53.jpg,DELIVERANCE,matched
53,page_53_2.jpg,Page53__END_OF_TRAIL__Page53.jpg,END OF TRAIL,matched
53,page_53_3.jpg,Page53__KOKOPELLI__Page53.jpg,KOKOPELLI,matched
53,page_53_4.jpg,Page53__SKULL_1__Page53.jpg,SKULL 1,matched
53,page_53_5.jpg,Page53__SKULL_2__Page53.jpg,SKULL 2,matched
54,page_54_1.jpg,Page54__DELIVERANCE__Page54.jpg,DELIVERANCE,matched
54,page_54_2.jpg,Page54__END_OF_TRAIL__Page54.jpg,END OF TRAIL,matched
54,page_54_3.jpg,Page54__KOKOPELLI__Page54.jpg,KOKOPELLI,matched
54,page_54_4.jpg,Page54__SKULL_1__Page54.jpg,SKULL 1,matched
54,page_54_5.jpg,Page54__SKULL_2__Page54.jpg,SKULL 2,matched
55,page_55_1.jpg,Page55__SHERRIF_STAR__Page55.jpg,SHERRIF STAR,matched
55,page_55_2.jpg,Page55__BOOT__Page55.jpg,BOOT,matched
55,page_55_3.jpg,Page55__SADDLE__Page55.jpg,SADDLE,matched
55,page_55_4.jpg,Page55__HAT__Page55.jpg,HAT,matched
55,page_55_5.jpg,Page55__TEXAS__Page55.jpg,TEXAS,matched
55,page_55_6.jpg,Page55__STAR__Page55.jpg,STAR,matched
56,page_56_1.jpg,Page56__SHERRIF_STAR__Page56.jpg,SHERRIF STAR,matched
56,page_56_2.jpg,Page56__BOOT__Page56.jpg,BOOT,matched
56,page_56_3.jpg,Page56__SADDLE__Page56.jpg,SADDLE,matched
56,page_56_4.jpg,Page56__HAT__Page56.jpg,HAT,matched
56,page_56_5.jpg,Page56__TEXAS__Page56.jpg,TEXAS,matched
56,page_56_6.jpg,Page56__STAR__Page56.jpg,STAR,matched
57,page_57_1.jpg,Page57__PRAYING_COWBOY__Page57.jpg,"PRAYING
COWBOY",matched
57,page_57_2.jpg,Page57__PRAYING_COWGIRL__Page57.jpg,"PRAYING
COWGIRL",matched
57,page_57_3.jpg,Page57__PRAYING_SOLDIER__Page57.jpg,"PRAYING
SOLDIER",matched
58,page_58_1.jpg,Page58__PRAYING_COWBOY__Page58.jpg,"PRAYING
COWBOY",matched
58,page_58_2.jpg,Page58__PRAYING_COWGIRL__Page58.jpg,"PRAYING
COWGIRL",matched
58,page_58_3.jpg,Page58__PRAYING_SOLDIER__Page58.jpg,"PRAYING
SOLDIER",matched
59,page_59_1.jpg,Unmatched_Page59_page_59_1.jpg,,unmatched
59,page_59_10.jpg,Unmatched_Page59_page_59_10.jpg,,unmatched
59,page_59_11.jpg,Unmatched_Page59_page_59_11.jpg,,unmatched
59,page_59_12.jpg,Unmatched_Page59_page_59_12.jpg,,unmatched
59,page_59_13.jpg,Unmatched_Page59_page_59_13.jpg,,unmatched
59,page_59_14.jpg,Unmatched_Page59_page_59_14.jpg,,unmatched
59,page_59_15.jpg,Unmatched_Page59_page_59_15.jpg,,unmatched
59,page_59_16.jpg,Unmatched_Page59_page_59_16.jpg,,unmatched
59,page_59_17.jpg,Unmatched_Page59_page_59_17.jpg,,unmatched
59,page_59_18.jpg,Unmatched_Page59_page_59_18.jpg,,unmatched
59,page_59_19.jpg,Unmatched_Page59_page_59_19.jpg,,unmatched
59,page_59_2.jpg,Unmatched_Page59_page_59_2.jpg,,unmatched
59,page_59_20.jpg,Unmatched_Page59_page_59_20.jpg,,unmatched
59,page_59_21.jpg,Unmatched_Page59_page_59_21.jpg,,unmatched
59,page_59_22.jpg,Unmatched_Page59_page_59_22.jpg,,unmatched
59,page_59_23.jpg,Unmatched_Page59_page_59_23.jpg,,unmatched
59,page_59_24.jpg,Unmatched_Page59_page_59_24.jpg,,unmatched
59,page_59_25.jpg,Unmatched_Page59_page_59_25.jpg,,unmatched
59,page_59_26.jpg,Unmatched_Page59_page_59_26.jpg,,unmatched
59,page_59_27.jpg,Unmatched_Page59_page_59_27.jpg,,unmatched
59,page_59_28.jpg,Unmatched_Page59_page_59_28.jpg,,unmatched
59,page_59_29.jpg,Unmatched_Page59_page_59_29.jpg,,unmatched
59,page_59_3.jpg,Unmatched_Page59_page_59_3.jpg,,unmatched
59,page_59_30.jpg,Unmatched_Page59_page_59_30.jpg,,unmatched
59,page_59_31.jpg,Unmatched_Page59_page_59_31.jpg,,unmatched
59,page_59_32.jpg,Unmatched_Page59_page_59_32.jpg,,unmatched
59,page_59_33.jpg,Unmatched_Page59_page_59_33.jpg,,unmatched
59,page_59_34.jpg,Unmatched_Page59_page_59_34.jpg,,unmatched
59,page_59_35.jpg,Unmatched_Page59_page_59_35.jpg,,unmatched
59,page_59_36.jpg,Unmatched_Page59_page_59_36.jpg,,unmatched
59,page_59_37.jpg,Unmatched_Page59_page_59_37.jpg,,unmatched
59,page_59_38.jpg,Unmatched_Page59_page_59_38.jpg,,unmatched
59,page_59_4.jpg,Unmatched_Page59_page_59_4.jpg,,unmatched
59,page_59_5.jpg,Unmatched_Page59_page_59_5.jpg,,unmatched
59,page_59_6.jpg,Unmatched_Page59_page_59_6.jpg,,unmatched
59,page_59_7.jpg,Unmatched_Page59_page_59_7.jpg,,unmatched
59,page_59_8.jpg,Unmatched_Page59_page_59_8.jpg,,unmatched
59,page_59_9.jpg,Unmatched_Page59_page_59_9.jpg,,unmatched
5,page_5_1.jpg,Unmatched_Page5_page_5_1.jpg,,unmatched
5,page_5_10.jpg,Unmatched_Page5_page_5_10.jpg,,unmatched
5,page_5_11.jpg,Unmatched_Page5_page_5_11.jpg,,unmatched
5,page_5_12.jpg,Unmatched_Page5_page_5_12.jpg,,unmatched
5,page_5_13.jpg,Unmatched_Page5_page_5_13.jpg,,unmatched
5,page_5_14.jpg,Unmatched_Page5_page_5_14.jpg,,unmatched
5,page_5_2.jpg,Unmatched_Page5_page_5_2.jpg,,unmatched
5,page_5_3.jpg,Unmatched_Page5_page_5_3.jpg,,unmatched
5,page_5_4.jpg,Unmatched_Page5_page_5_4.jpg,,unmatched
5,page_5_5.jpg,Unmatched_Page5_page_5_5.jpg,,unmatched
5,page_5_6.jpg,Unmatched_Page5_page_5_6.jpg,,unmatched
5,page_5_7.jpg,Unmatched_Page5_page_5_7.jpg,,unmatched
5,page_5_8.jpg,Unmatched_Page5_page_5_8.jpg,,unmatched
5,page_5_9.jpg,Unmatched_Page5_page_5_9.jpg,,unmatched
60,page_60_1.jpg,Page60__WHITETAILS_PINE__Page60.jpg,WHITETAILS/PINE,matched
60,page_60_10.jpg,Unmatched_Page60_page_60_10.jpg,,overflow
60,page_60_11.jpg,Unmatched_Page60_page_60_11.jpg,,overflow
60,page_60_12.jpg,Unmatched_Page60_page_60_12.jpg,,overflow
60,page_60_13.jpg,Unmatched_Page60_page_60_13.jpg,,overflow
60,page_60_14.jpg,Unmatched_Page60_page_60_14.jpg,,overflow
60,page_60_15.jpg,Unmatched_Page60_page_60_15.jpg,,overflow
60,page_60_16.jpg,Unmatched_Page60_page_60_16.jpg,,overflow
60,page_60_17.jpg,Unmatched_Page60_page_60_17.jpg,,overflow
60,page_60_18.jpg,Unmatched_Page60_page_60_18.jpg,,overflow
60,page_60_19.jpg,Unmatched_Page60_page_60_19.jpg,,overflow
60,page_60_2.jpg,Page60__WHITETAILS_OAK__Page60.jpg,WHITETAILS/OAK,matched
60,page_60_20.jpg,Unmatched_Page60_page_60_20.jpg,,overflow
60,page_60_21.jpg,Unmatched_Page60_page_60_21.jpg,,overflow
60,page_60_22.jpg,Unmatched_Page60_page_60_22.jpg,,overflow
60,page_60_23.jpg,Unmatched_Page60_page_60_23.jpg,,overflow
60,page_60_24.jpg,Unmatched_Page60_page_60_24.jpg,,overflow
60,page_60_25.jpg,Unmatched_Page60_page_60_25.jpg,,overflow
60,page_60_26.jpg,Unmatched_Page60_page_60_26.jpg,,overflow
60,page_60_27.jpg,Unmatched_Page60_page_60_27.jpg,,overflow
60,page_60_3.jpg,Page60__JUMPING_WHITETAIL_1__Page60.jpg,JUMPING WHITETAIL 1,matched
60,page_60_4.jpg,Page60__JUMPINGWHITETAIL_2__Page60.jpg,JUMPINGWHITETAIL 2,matched
60,page_60_5.jpg,Page60__ELK_1__Page60.jpg,ELK 1,matched
60,page_60_6.jpg,Unmatched_Page60_page_60_6.jpg,,overflow
60,page_60_7.jpg,Unmatched_Page60_page_60_7.jpg,,overflow
60,page_60_8.jpg,Unmatched_Page60_page_60_8.jpg,,overflow
60,page_60_9.jpg,Unmatched_Page60_page_60_9.jpg,,overflow
61,page_61_1.jpg,Page61__BEARS__Page61.jpg,BEARS,matched
61,page_61_10.jpg,Unmatched_Page61_page_61_10.jpg,,overflow
61,page_61_11.jpg,Unmatched_Page61_page_61_11.jpg,,overflow
61,page_61_12.jpg,Unmatched_Page61_page_61_12.jpg,,overflow
61,page_61_13.jpg,Unmatched_Page61_page_61_13.jpg,,overflow
61,page_61_14.jpg,Unmatched_Page61_page_61_14.jpg,,overflow
61,page_61_15.jpg,Unmatched_Page61_page_61_15.jpg,,overflow
61,page_61_16.jpg,Unmatched_Page61_page_61_16.jpg,,overflow
61,page_61_17.jpg,Unmatched_Page61_page_61_17.jpg,,overflow
61,page_61_18.jpg,Unmatched_Page61_page_61_18.jpg,,overflow
61,page_61_19.jpg,Unmatched_Page61_page_61_19.jpg,,overflow
61,page_61_2.jpg,Page61__PHEASANT__Page61.jpg,PHEASANT,matched
61,page_61_20.jpg,Unmatched_Page61_page_61_20.jpg,,overflow
61,page_61_21.jpg,Unmatched_Page61_page_61_21.jpg,,overflow
61,page_61_22.jpg,Unmatched_Page61_page_61_22.jpg,,overflow
61,page_61_23.jpg,Unmatched_Page61_page_61_23.jpg,,overflow
61,page_61_3.jpg,Page61__3_PHEASANTS__Page61.jpg,3 PHEASANTS,matched
61,page_61_4.jpg,Page61__FLYING_DUCK__Page61.jpg,FLYING DUCK,matched
61,page_61_5.jpg,Page61__QUAIL__Page61.jpg,QUAIL,matched
61,page_61_6.jpg,Unmatched_Page61_page_61_6.jpg,,overflow
61,page_61_7.jpg,Unmatched_Page61_page_61_7.jpg,,overflow
61,page_61_8.jpg,Unmatched_Page61_page_61_8.jpg,,overflow
61,page_61_9.jpg,Unmatched_Page61_page_61_9.jpg,,overflow
62,page_62_1.jpg,Page62__LOVERS_2_OAK__Page62.jpg,LOVERS 2/OAK,matched
62,page_62_10.jpg,Unmatched_Page62_page_62_10.jpg,,overflow
62,page_62_11.jpg,Unmatched_Page62_page_62_11.jpg,,overflow
62,page_62_12.jpg,Unmatched_Page62_page_62_12.jpg,,overflow
62,page_62_13.jpg,Unmatched_Page62_page_62_13.jpg,,overflow
62,page_62_14.jpg,Unmatched_Page62_page_62_14.jpg,,overflow
62,page_62_15.jpg,Unmatched_Page62_page_62_15.jpg,,overflow
62,page_62_16.jpg,Unmatched_Page62_page_62_16.jpg,,overflow
62,page_62_17.jpg,Unmatched_Page62_page_62_17.jpg,,overflow
62,page_62_18.jpg,Unmatched_Page62_page_62_18.jpg,,overflow
62,page_62_2.jpg,Page62__LOVERS_3__Page62.jpg,LOVERS 3,matched
62,page_62_3.jpg,Page62__MULE_LOVERS__Page62.jpg,MULE LOVERS,matched
62,page_62_4.jpg,Page62__DBL_RIDERS__Page62.jpg,DBL RIDERS,matched
62,page_62_5.jpg,Page62__OUTHOUSE__Page62.jpg,OUTHOUSE,matched
62,page_62_6.jpg,Unmatched_Page62_page_62_6.jpg,,overflow
62,page_62_7.jpg,Unmatched_Page62_page_62_7.jpg,,overflow
62,page_62_8.jpg,Unmatched_Page62_page_62_8.jpg,,overflow
62,page_62_9.jpg,Unmatched_Page62_page_62_9.jpg,,overflow
63,page_63_1.jpg,Unmatched_Page63_page_63_1.jpg,,unmatched
63,page_63_10.jpg,Unmatched_Page63_page_63_10.jpg,,unmatched
63,page_63_11.jpg,Unmatched_Page63_page_63_11.jpg,,unmatched
63,page_63_12.jpg,Unmatched_Page63_page_63_12.jpg,,unmatched
63,page_63_13.jpg,Unmatched_Page63_page_63_13.jpg,,unmatched
63,page_63_14.jpg,Unmatched_Page63_page_63_14.jpg,,unmatched
63,page_63_15.jpg,Unmatched_Page63_page_63_15.jpg,,unmatched
63,page_63_16.jpg,Unmatched_Page63_page_63_16.jpg,,unmatched
63,page_63_17.jpg,Unmatched_Page63_page_63_17.jpg,,unmatched
63,page_63_18.jpg,Unmatched_Page63_page_63_18.jpg,,unmatched
63,page_63_19.jpg,Unmatched_Page63_page_63_19.jpg,,unmatched
63,page_63_2.jpg,Unmatched_Page63_page_63_2.jpg,,unmatched
63,page_63_20.jpg,Unmatched_Page63_page_63_20.jpg,,unmatched
63,page_63_21.jpg,Unmatched_Page63_page_63_21.jpg,,unmatched
63,page_63_22.jpg,Unmatched_Page63_page_63_22.jpg,,unmatched
63,page_63_23.jpg,Unmatched_Page63_page_63_23.jpg,,unmatched
63,page_63_24.jpg,Unmatched_Page63_page_63_24.jpg,,unmatched
63,page_63_25.jpg,Unmatched_Page63_page_63_25.jpg,,unmatched
63,page_63_26.jpg,Unmatched_Page63_page_63_26.jpg,,unmatched
63,page_63_27.jpg,Unmatched_Page63_page_63_27.jpg,,unmatched
63,page_63_28.jpg,Unmatched_Page63_page_63_28.jpg,,unmatched
63,page_63_29.jpg,Unmatched_Page63_page_63_29.jpg,,unmatched
63,page_63_3.jpg,Unmatched_Page63_page_63_3.jpg,,unmatched
63,page_63_30.jpg,Unmatched_Page63_page_63_30.jpg,,unmatched
63,page_63_31.jpg,Unmatched_Page63_page_63_31.jpg,,unmatched
63,page_63_32.jpg,Unmatched_Page63_page_63_32.jpg,,unmatched
63,page_63_33.jpg,Unmatched_Page63_page_63_33.jpg,,unmatched
63,page_63_34.jpg,Unmatched_Page63_page_63_34.jpg,,unmatched
63,page_63_35.jpg,Unmatched_Page63_page_63_35.jpg,,unmatched
63,page_63_36.jpg,Unmatched_Page63_page_63_36.jpg,,unmatched
63,page_63_37.jpg,Unmatched_Page63_page_63_37.jpg,,unmatched
63,page_63_38.jpg,Unmatched_Page63_page_63_38.jpg,,unmatched
63,page_63_39.jpg,Unmatched_Page63_page_63_39.jpg,,unmatched
63,page_63_4.jpg,Unmatched_Page63_page_63_4.jpg,,unmatched
63,page_63_40.jpg,Unmatched_Page63_page_63_40.jpg,,unmatched
63,page_63_41.jpg,Unmatched_Page63_page_63_41.jpg,,unmatched
63,page_63_42.jpg,Unmatched_Page63_page_63_42.jpg,,unmatched
63,page_63_43.jpg,Unmatched_Page63_page_63_43.jpg,,unmatched
63,page_63_44.jpg,Unmatched_Page63_page_63_44.jpg,,unmatched
63,page_63_45.jpg,Unmatched_Page63_page_63_45.jpg,,unmatched
63,page_63_46.jpg,Unmatched_Page63_page_63_46.jpg,,unmatched
63,page_63_47.jpg,Unmatched_Page63_page_63_47.jpg,,unmatched
63,page_63_48.jpg,Unmatched_Page63_page_63_48.jpg,,unmatched
63,page_63_49.jpg,Unmatched_Page63_page_63_49.jpg,,unmatched
63,page_63_5.jpg,Unmatched_Page63_page_63_5.jpg,,unmatched
63,page_63_50.jpg,Unmatched_Page63_page_63_50.jpg,,unmatched
63,page_63_51.jpg,Unmatched_Page63_page_63_51.jpg,,unmatched
63,page_63_52.jpg,Unmatched_Page63_page_63_52.jpg,,unmatched
63,page_63_53.jpg,Unmatched_Page63_page_63_53.jpg,,unmatched
63,page_63_54.jpg,Unmatched_Page63_page_63_54.jpg,,unmatched
63,page_63_55.jpg,Unmatched_Page63_page_63_55.jpg,,unmatched
63,page_63_6.jpg,Unmatched_Page63_page_63_6.jpg,,unmatched
63,page_63_7.jpg,Unmatched_Page63_page_63_7.jpg,,unmatched
63,page_63_8.jpg,Unmatched_Page63_page_63_8.jpg,,unmatched
63,page_63_9.jpg,Unmatched_Page63_page_63_9.jpg,,unmatched
64,page_64_1.jpg,Unmatched_Page64_page_64_1.jpg,,unmatched
64,page_64_10.jpg,Unmatched_Page64_page_64_10.jpg,,unmatched
64,page_64_11.jpg,Unmatched_Page64_page_64_11.jpg,,unmatched
64,page_64_12.jpg,Unmatched_Page64_page_64_12.jpg,,unmatched
64,page_64_13.jpg,Unmatched_Page64_page_64_13.jpg,,unmatched
64,page_64_14.jpg,Unmatched_Page64_page_64_14.jpg,,unmatched
64,page_64_15.jpg,Unmatched_Page64_page_64_15.jpg,,unmatched
64,page_64_16.jpg,Unmatched_Page64_page_64_16.jpg,,unmatched
64,page_64_17.jpg,Unmatched_Page64_page_64_17.jpg,,unmatched
64,page_64_18.jpg,Unmatched_Page64_page_64_18.jpg,,unmatched
64,page_64_19.jpg,Unmatched_Page64_page_64_19.jpg,,unmatched
64,page_64_2.jpg,Unmatched_Page64_page_64_2.jpg,,unmatched
64,page_64_20.jpg,Unmatched_Page64_page_64_20.jpg,,unmatched
64,page_64_21.jpg,Unmatched_Page64_page_64_21.jpg,,unmatched
64,page_64_22.jpg,Unmatched_Page64_page_64_22.jpg,,unmatched
64,page_64_23.jpg,Unmatched_Page64_page_64_23.jpg,,unmatched
64,page_64_24.jpg,Unmatched_Page64_page_64_24.jpg,,unmatched
64,page_64_25.jpg,Unmatched_Page64_page_64_25.jpg,,unmatched
64,page_64_26.jpg,Unmatched_Page64_page_64_26.jpg,,unmatched
64,page_64_27.jpg,Unmatched_Page64_page_64_27.jpg,,unmatched
64,page_64_28.jpg,Unmatched_Page64_page_64_28.jpg,,unmatched
64,page_64_29.jpg,Unmatched_Page64_page_64_29.jpg,,unmatched
64,page_64_3.jpg,Unmatched_Page64_page_64_3.jpg,,unmatched
64,page_64_30.jpg,Unmatched_Page64_page_64_30.jpg,,unmatched
64,page_64_31.jpg,Unmatched_Page64_page_64_31.jpg,,unmatched
64,page_64_32.jpg,Unmatched_Page64_page_64_32.jpg,,unmatched
64,page_64_33.jpg,Unmatched_Page64_page_64_33.jpg,,unmatched
64,page_64_34.jpg,Unmatched_Page64_page_64_34.jpg,,unmatched
64,page_64_35.jpg,Unmatched_Page64_page_64_35.jpg,,unmatched
64,page_64_36.jpg,Unmatched_Page64_page_64_36.jpg,,unmatched
64,page_64_37.jpg,Unmatched_Page64_page_64_37.jpg,,unmatched
64,page_64_38.jpg,Unmatched_Page64_page_64_38.jpg,,unmatched
64,page_64_39.jpg,Unmatched_Page64_page_64_39.jpg,,unmatched
64,page_64_4.jpg,Unmatched_Page64_page_64_4.jpg,,unmatched
64,page_64_40.jpg,Unmatched_Page64_page_64_40.jpg,,unmatched
64,page_64_41.jpg,Unmatched_Page64_page_64_41.jpg,,unmatched
64,page_64_42.jpg,Unmatched_Page64_page_64_42.jpg,,unmatched
64,page_64_43.jpg,Unmatched_Page64_page_64_43.jpg,,unmatched
64,page_64_44.jpg,Unmatched_Page64_page_64_44.jpg,,unmatched
64,page_64_45.jpg,Unmatched_Page64_page_64_45.jpg,,unmatched
64,page_64_46.jpg,Unmatched_Page64_page_64_46.jpg,,unmatched
64,page_64_47.jpg,Unmatched_Page64_page_64_47.jpg,,unmatched
64,page_64_48.jpg,Unmatched_Page64_page_64_48.jpg,,unmatched
64,page_64_49.jpg,Unmatched_Page64_page_64_49.jpg,,unmatched
64,page_64_5.jpg,Unmatched_Page64_page_64_5.jpg,,unmatched
64,page_64_50.jpg,Unmatched_Page64_page_64_50.jpg,,unmatched
64,page_64_51.jpg,Unmatched_Page64_page_64_51.jpg,,unmatched
64,page_64_52.jpg,Unmatched_Page64_page_64_52.jpg,,unmatched
64,page_64_53.jpg,Unmatched_Page64_page_64_53.jpg,,unmatched
64,page_64_54.jpg,Unmatched_Page64_page_64_54.jpg,,unmatched
64,page_64_55.jpg,Unmatched_Page64_page_64_55.jpg,,unmatched
64,page_64_56.jpg,Unmatched_Page64_page_64_56.jpg,,unmatched
64,page_64_57.jpg,Unmatched_Page64_page_64_57.jpg,,unmatched
64,page_64_58.jpg,Unmatched_Page64_page_64_58.jpg,,unmatched
64,page_64_59.jpg,Unmatched_Page64_page_64_59.jpg,,unmatched
64,page_64_6.jpg,Unmatched_Page64_page_64_6.jpg,,unmatched
64,page_64_60.jpg,Unmatched_Page64_page_64_60.jpg,,unmatched
64,page_64_7.jpg,Unmatched_Page64_page_64_7.jpg,,unmatched
64,page_64_8.jpg,Unmatched_Page64_page_64_8.jpg,,unmatched
64,page_64_9.jpg,Unmatched_Page64_page_64_9.jpg,,unmatched
65,page_65_1.jpg,Unmatched_Page65_page_65_1.jpg,,unmatched
65,page_65_10.jpg,Unmatched_Page65_page_65_10.jpg,,unmatched
65,page_65_11.jpg,Unmatched_Page65_page_65_11.jpg,,unmatched
65,page_65_12.jpg,Unmatched_Page65_page_65_12.jpg,,unmatched
65,page_65_13.jpg,Unmatched_Page65_page_65_13.jpg,,unmatched
65,page_65_14.jpg,Unmatched_Page65_page_65_14.jpg,,unmatched
65,page_65_15.jpg,Unmatched_Page65_page_65_15.jpg,,unmatched
65,page_65_16.jpg,Unmatched_Page65_page_65_16.jpg,,unmatched
65,page_65_17.jpg,Unmatched_Page65_page_65_17.jpg,,unmatched
65,page_65_18.jpg,Unmatched_Page65_page_65_18.jpg,,unmatched
65,page_65_19.jpg,Unmatched_Page65_page_65_19.jpg,,unmatched
65,page_65_2.jpg,Unmatched_Page65_page_65_2.jpg,,unmatched
65,page_65_20.jpg,Unmatched_Page65_page_65_20.jpg,,unmatched
65,page_65_21.jpg,Unmatched_Page65_page_65_21.jpg,,unmatched
65,page_65_22.jpg,Unmatched_Page65_page_65_22.jpg,,unmatched
65,page_65_23.jpg,Unmatched_Page65_page_65_23.jpg,,unmatched
65,page_65_24.jpg,Unmatched_Page65_page_65_24.jpg,,unmatched
65,page_65_25.jpg,Unmatched_Page65_page_65_25.jpg,,unmatched
65,page_65_26.jpg,Unmatched_Page65_page_65_26.jpg,,unmatched
65,page_65_27.jpg,Unmatched_Page65_page_65_27.jpg,,unmatched
65,page_65_28.jpg,Unmatched_Page65_page_65_28.jpg,,unmatched
65,page_65_29.jpg,Unmatched_Page65_page_65_29.jpg,,unmatched
65,page_65_3.jpg,Unmatched_Page65_page_65_3.jpg,,unmatched
65,page_65_30.jpg,Unmatched_Page65_page_65_30.jpg,,unmatched
65,page_65_31.jpg,Unmatched_Page65_page_65_31.jpg,,unmatched
65,page_65_4.jpg,Unmatched_Page65_page_65_4.jpg,,unmatched
65,page_65_5.jpg,Unmatched_Page65_page_65_5.jpg,,unmatched
65,page_65_6.jpg,Unmatched_Page65_page_65_6.jpg,,unmatched
65,page_65_7.jpg,Unmatched_Page65_page_65_7.jpg,,unmatched
65,page_65_8.jpg,Unmatched_Page65_page_65_8.jpg,,unmatched
65,page_65_9.jpg,Unmatched_Page65_page_65_9.jpg,,unmatched
66,page_66_1.jpg,Unmatched_Page66_page_66_1.jpg,,unmatched
66,page_66_10.jpg,Unmatched_Page66_page_66_10.jpg,,unmatched
66,page_66_11.jpg,Unmatched_Page66_page_66_11.jpg,,unmatched
66,page_66_12.jpg,Unmatched_Page66_page_66_12.jpg,,unmatched
66,page_66_13.jpg,Unmatched_Page66_page_66_13.jpg,,unmatched
66,page_66_14.jpg,Unmatched_Page66_page_66_14.jpg,,unmatched
66,page_66_15.jpg,Unmatched_Page66_page_66_15.jpg,,unmatched
66,page_66_16.jpg,Unmatched_Page66_page_66_16.jpg,,unmatched
66,page_66_17.jpg,Unmatched_Page66_page_66_17.jpg,,unmatched
66,page_66_18.jpg,Unmatched_Page66_page_66_18.jpg,,unmatched
66,page_66_19.jpg,Unmatched_Page66_page_66_19.jpg,,unmatched
66,page_66_2.jpg,Unmatched_Page66_page_66_2.jpg,,unmatched
66,page_66_20.jpg,Unmatched_Page66_page_66_20.jpg,,unmatched
66,page_66_21.jpg,Unmatched_Page66_page_66_21.jpg,,unmatched
66,page_66_22.jpg,Unmatched_Page66_page_66_22.jpg,,unmatched
66,page_66_23.jpg,Unmatched_Page66_page_66_23.jpg,,unmatched
66,page_66_24.jpg,Unmatched_Page66_page_66_24.jpg,,unmatched
66,page_66_25.jpg,Unmatched_Page66_page_66_25.jpg,,unmatched
66,page_66_26.jpg,Unmatched_Page66_page_66_26.jpg,,unmatched
66,page_66_27.jpg,Unmatched_Page66_page_66_27.jpg,,unmatched
66,page_66_28.jpg,Unmatched_Page66_page_66_28.jpg,,unmatched
66,page_66_29.jpg,Unmatched_Page66_page_66_29.jpg,,unmatched
66,page_66_3.jpg,Unmatched_Page66_page_66_3.jpg,,unmatched
66,page_66_30.jpg,Unmatched_Page66_page_66_30.jpg,,unmatched
66,page_66_31.jpg,Unmatched_Page66_page_66_31.jpg,,unmatched
66,page_66_32.jpg,Unmatched_Page66_page_66_32.jpg,,unmatched
66,page_66_33.jpg,Unmatched_Page66_page_66_33.jpg,,unmatched
66,page_66_34.jpg,Unmatched_Page66_page_66_34.jpg,,unmatched
66,page_66_35.jpg,Unmatched_Page66_page_66_35.jpg,,unmatched
66,page_66_36.jpg,Unmatched_Page66_page_66_36.jpg,,unmatched
66,page_66_37.jpg,Unmatched_Page66_page_66_37.jpg,,unmatched
66,page_66_38.jpg,Unmatched_Page66_page_66_38.jpg,,unmatched
66,page_66_39.jpg,Unmatched_Page66_page_66_39.jpg,,unmatched
66,page_66_4.jpg,Unmatched_Page66_page_66_4.jpg,,unmatched
66,page_66_40.jpg,Unmatched_Page66_page_66_40.jpg,,unmatched
66,page_66_41.jpg,Unmatched_Page66_page_66_41.jpg,,unmatched
66,page_66_42.jpg,Unmatched_Page66_page_66_42.jpg,,unmatched
66,page_66_43.jpg,Unmatched_Page66_page_66_43.jpg,,unmatched
66,page_66_44.jpg,Unmatched_Page66_page_66_44.jpg,,unmatched
66,page_66_45.jpg,Unmatched_Page66_page_66_45.jpg,,unmatched
66,page_66_46.jpg,Unmatched_Page66_page_66_46.jpg,,unmatched
66,page_66_47.jpg,Unmatched_Page66_page_66_47.jpg,,unmatched
66,page_66_48.jpg,Unmatched_Page66_page_66_48.jpg,,unmatched
66,page_66_5.jpg,Unmatched_Page66_page_66_5.jpg,,unmatched
66,page_66_6.jpg,Unmatched_Page66_page_66_6.jpg,,unmatched
66,page_66_7.jpg,Unmatched_Page66_page_66_7.jpg,,unmatched
66,page_66_8.jpg,Unmatched_Page66_page_66_8.jpg,,unmatched
66,page_66_9.jpg,Unmatched_Page66_page_66_9.jpg,,unmatched
67,page_67_1.jpg,Unmatched_Page67_page_67_1.jpg,,unmatched
67,page_67_10.jpg,Unmatched_Page67_page_67_10.jpg,,unmatched
67,page_67_11.jpg,Unmatched_Page67_page_67_11.jpg,,unmatched
67,page_67_12.jpg,Unmatched_Page67_page_67_12.jpg,,unmatched
67,page_67_13.jpg,Unmatched_Page67_page_67_13.jpg,,unmatched
67,page_67_14.jpg,Unmatched_Page67_page_67_14.jpg,,unmatched
67,page_67_15.jpg,Unmatched_Page67_page_67_15.jpg,,unmatched
67,page_67_16.jpg,Unmatched_Page67_page_67_16.jpg,,unmatched
67,page_67_17.jpg,Unmatched_Page67_page_67_17.jpg,,unmatched
67,page_67_2.jpg,Unmatched_Page67_page_67_2.jpg,,unmatched
67,page_67_3.jpg,Unmatched_Page67_page_67_3.jpg,,unmatched
67,page_67_4.jpg,Unmatched_Page67_page_67_4.jpg,,unmatched
67,page_67_5.jpg,Unmatched_Page67_page_67_5.jpg,,unmatched
67,page_67_6.jpg,Unmatched_Page67_page_67_6.jpg,,unmatched
67,page_67_7.jpg,Unmatched_Page67_page_67_7.jpg,,unmatched
67,page_67_8.jpg,Unmatched_Page67_page_67_8.jpg,,unmatched
67,page_67_9.jpg,Unmatched_Page67_page_67_9.jpg,,unmatched
68,page_68_1.jpg,Unmatched_Page68_page_68_1.jpg,,unmatched
68,page_68_10.jpg,Unmatched_Page68_page_68_10.jpg,,unmatched
68,page_68_11.jpg,Unmatched_Page68_page_68_11.jpg,,unmatched
68,page_68_12.jpg,Unmatched_Page68_page_68_12.jpg,,unmatched
68,page_68_13.jpg,Unmatched_Page68_page_68_13.jpg,,unmatched
68,page_68_14.jpg,Unmatched_Page68_page_68_14.jpg,,unmatched
68,page_68_15.jpg,Unmatched_Page68_page_68_15.jpg,,unmatched
68,page_68_16.jpg,Unmatched_Page68_page_68_16.jpg,,unmatched
68,page_68_17.jpg,Unmatched_Page68_page_68_17.jpg,,unmatched
68,page_68_18.jpg,Unmatched_Page68_page_68_18.jpg,,unmatched
68,page_68_19.jpg,Unmatched_Page68_page_68_19.jpg,,unmatched
68,page_68_2.jpg,Unmatched_Page68_page_68_2.jpg,,unmatched
68,page_68_20.jpg,Unmatched_Page68_page_68_20.jpg,,unmatched
68,page_68_21.jpg,Unmatched_Page68_page_68_21.jpg,,unmatched
68,page_68_22.jpg,Unmatched_Page68_page_68_22.jpg,,unmatched
68,page_68_23.jpg,Unmatched_Page68_page_68_23.jpg,,unmatched
68,page_68_24.jpg,Unmatched_Page68_page_68_24.jpg,,unmatched
68,page_68_25.jpg,Unmatched_Page68_page_68_25.jpg,,unmatched
68,page_68_26.jpg,Unmatched_Page68_page_68_26.jpg,,unmatched
68,page_68_27.jpg,Unmatched_Page68_page_68_27.jpg,,unmatched
68,page_68_28.jpg,Unmatched_Page68_page_68_28.jpg,,unmatched
68,page_68_29.jpg,Unmatched_Page68_page_68_29.jpg,,unmatched
68,page_68_3.jpg,Unmatched_Page68_page_68_3.jpg,,unmatched
68,page_68_30.jpg,Unmatched_Page68_page_68_30.jpg,,unmatched
68,page_68_31.jpg,Unmatched_Page68_page_68_31.jpg,,unmatched
68,page_68_32.jpg,Unmatched_Page68_page_68_32.jpg,,unmatched
68,page_68_33.jpg,Unmatched_Page68_page_68_33.jpg,,unmatched
68,page_68_34.jpg,Unmatched_Page68_page_68_34.jpg,,unmatched
68,page_68_35.jpg,Unmatched_Page68_page_68_35.jpg,,unmatched
68,page_68_36.jpg,Unmatched_Page68_page_68_36.jpg,,unmatched
68,page_68_4.jpg,Unmatched_Page68_page_68_4.jpg,,unmatched
68,page_68_5.jpg,Unmatched_Page68_page_68_5.jpg,,unmatched
68,page_68_6.jpg,Unmatched_Page68_page_68_6.jpg,,unmatched
68,page_68_7.jpg,Unmatched_Page68_page_68_7.jpg,,unmatched
68,page_68_8.jpg,Unmatched_Page68_page_68_8.jpg,,unmatched
68,page_68_9.jpg,Unmatched_Page68_page_68_9.jpg,,unmatched
69,page_69_1.jpg,Unmatched_Page69_page_69_1.jpg,,unmatched
69,page_69_10.jpg,Unmatched_Page69_page_69_10.jpg,,unmatched
69,page_69_11.jpg,Unmatched_Page69_page_69_11.jpg,,unmatched
69,page_69_12.jpg,Unmatched_Page69_page_69_12.jpg,,unmatched
69,page_69_13.jpg,Unmatched_Page69_page_69_13.jpg,,unmatched
69,page_69_14.jpg,Unmatched_Page69_page_69_14.jpg,,unmatched
69,page_69_15.jpg,Unmatched_Page69_page_69_15.jpg,,unmatched
69,page_69_16.jpg,Unmatched_Page69_page_69_16.jpg,,unmatched
69,page_69_17.jpg,Unmatched_Page69_page_69_17.jpg,,unmatched
69,page_69_18.jpg,Unmatched_Page69_page_69_18.jpg,,unmatched
69,page_69_19.jpg,Unmatched_Page69_page_69_19.jpg,,unmatched
69,page_69_2.jpg,Unmatched_Page69_page_69_2.jpg,,unmatched
69,page_69_20.jpg,Unmatched_Page69_page_69_20.jpg,,unmatched
69,page_69_21.jpg,Unmatched_Page69_page_69_21.jpg,,unmatched
69,page_69_22.jpg,Unmatched_Page69_page_69_22.jpg,,unmatched
69,page_69_23.jpg,Unmatched_Page69_page_69_23.jpg,,unmatched
69,page_69_24.jpg,Unmatched_Page69_page_69_24.jpg,,unmatched
69,page_69_25.jpg,Unmatched_Page69_page_69_25.jpg,,unmatched
69,page_69_3.jpg,Unmatched_Page69_page_69_3.jpg,,unmatched
69,page_69_4.jpg,Unmatched_Page69_page_69_4.jpg,,unmatched
69,page_69_5.jpg,Unmatched_Page69_page_69_5.jpg,,unmatched
69,page_69_6.jpg,Unmatched_Page69_page_69_6.jpg,,unmatched
69,page_69_7.jpg,Unmatched_Page69_page_69_7.jpg,,unmatched
69,page_69_8.jpg,Unmatched_Page69_page_69_8.jpg,,unmatched
69,page_69_9.jpg,Unmatched_Page69_page_69_9.jpg,,unmatched
6,page_6_1.jpg,Unmatched_Page6_page_6_1.jpg,,unmatched
6,page_6_10.jpg,Unmatched_Page6_page_6_10.jpg,,unmatched
6,page_6_2.jpg,Unmatched_Page6_page_6_2.jpg,,unmatched
6,page_6_3.jpg,Unmatched_Page6_page_6_3.jpg,,unmatched
6,page_6_4.jpg,Unmatched_Page6_page_6_4.jpg,,unmatched
6,page_6_5.jpg,Unmatched_Page6_page_6_5.jpg,,unmatched
6,page_6_6.jpg,Unmatched_Page6_page_6_6.jpg,,unmatched
6,page_6_7.jpg,Unmatched_Page6_page_6_7.jpg,,unmatched
6,page_6_8.jpg,Unmatched_Page6_page_6_8.jpg,,unmatched
6,page_6_9.jpg,Unmatched_Page6_page_6_9.jpg,,unmatched
70,page_70_1.jpg,Unmatched_Page70_page_70_1.jpg,,unmatched
70,page_70_10.jpg,Unmatched_Page70_page_70_10.jpg,,unmatched
70,page_70_11.jpg,Unmatched_Page70_page_70_11.jpg,,unmatched
70,page_70_12.jpg,Unmatched_Page70_page_70_12.jpg,,unmatched
70,page_70_13.jpg,Unmatched_Page70_page_70_13.jpg,,unmatched
70,page_70_14.jpg,Unmatched_Page70_page_70_14.jpg,,unmatched
70,page_70_15.jpg,Unmatched_Page70_page_70_15.jpg,,unmatched
70,page_70_16.jpg,Unmatched_Page70_page_70_16.jpg,,unmatched
70,page_70_17.jpg,Unmatched_Page70_page_70_17.jpg,,unmatched
70,page_70_18.jpg,Unmatched_Page70_page_70_18.jpg,,unmatched
70,page_70_19.jpg,Unmatched_Page70_page_70_19.jpg,,unmatched
70,page_70_2.jpg,Unmatched_Page70_page_70_2.jpg,,unmatched
70,page_70_20.jpg,Unmatched_Page70_page_70_20.jpg,,unmatched
70,page_70_21.jpg,Unmatched_Page70_page_70_21.jpg,,unmatched
70,page_70_22.jpg,Unmatched_Page70_page_70_22.jpg,,unmatched
70,page_70_23.jpg,Unmatched_Page70_page_70_23.jpg,,unmatched
70,page_70_24.jpg,Unmatched_Page70_page_70_24.jpg,,unmatched
70,page_70_3.jpg,Unmatched_Page70_page_70_3.jpg,,unmatched
70,page_70_4.jpg,Unmatched_Page70_page_70_4.jpg,,unmatched
70,page_70_5.jpg,Unmatched_Page70_page_70_5.jpg,,unmatched
70,page_70_6.jpg,Unmatched_Page70_page_70_6.jpg,,unmatched
70,page_70_7.jpg,Unmatched_Page70_page_70_7.jpg,,unmatched
70,page_70_8.jpg,Unmatched_Page70_page_70_8.jpg,,unmatched
70,page_70_9.jpg,Unmatched_Page70_page_70_9.jpg,,unmatched
71,page_71_1.jpg,Unmatched_Page71_page_71_1.jpg,,unmatched
71,page_71_10.jpg,Unmatched_Page71_page_71_10.jpg,,unmatched
71,page_71_11.jpg,Unmatched_Page71_page_71_11.jpg,,unmatched
71,page_71_12.jpg,Unmatched_Page71_page_71_12.jpg,,unmatched
71,page_71_13.jpg,Unmatched_Page71_page_71_13.jpg,,unmatched
71,page_71_14.jpg,Unmatched_Page71_page_71_14.jpg,,unmatched
71,page_71_15.jpg,Unmatched_Page71_page_71_15.jpg,,unmatched
71,page_71_16.jpg,Unmatched_Page71_page_71_16.jpg,,unmatched
71,page_71_17.jpg,Unmatched_Page71_page_71_17.jpg,,unmatched
71,page_71_18.jpg,Unmatched_Page71_page_71_18.jpg,,unmatched
71,page_71_19.jpg,Unmatched_Page71_page_71_19.jpg,,unmatched
71,page_71_2.jpg,Unmatched_Page71_page_71_2.jpg,,unmatched
71,page_71_3.jpg,Unmatched_Page71_page_71_3.jpg,,unmatched
71,page_71_4.jpg,Unmatched_Page71_page_71_4.jpg,,unmatched
71,page_71_5.jpg,Unmatched_Page71_page_71_5.jpg,,unmatched
71,page_71_6.jpg,Unmatched_Page71_page_71_6.jpg,,unmatched
71,page_71_7.jpg,Unmatched_Page71_page_71_7.jpg,,unmatched
71,page_71_8.jpg,Unmatched_Page71_page_71_8.jpg,,unmatched
71,page_71_9.jpg,Unmatched_Page71_page_71_9.jpg,,unmatched
72,page_72_1.jpg,Unmatched_Page72_page_72_1.jpg,,unmatched
72,page_72_10.jpg,Unmatched_Page72_page_72_10.jpg,,unmatched
72,page_72_11.jpg,Unmatched_Page72_page_72_11.jpg,,unmatched
72,page_72_12.jpg,Unmatched_Page72_page_72_12.jpg,,unmatched
72,page_72_13.jpg,Unmatched_Page72_page_72_13.jpg,,unmatched
72,page_72_14.jpg,Unmatched_Page72_page_72_14.jpg,,unmatched
72,page_72_15.jpg,Unmatched_Page72_page_72_15.jpg,,unmatched
72,page_72_16.jpg,Unmatched_Page72_page_72_16.jpg,,unmatched
72,page_72_17.jpg,Unmatched_Page72_page_72_17.jpg,,unmatched
72,page_72_18.jpg,Unmatched_Page72_page_72_18.jpg,,unmatched
72,page_72_2.jpg,Unmatched_Page72_page_72_2.jpg,,unmatched
72,page_72_3.jpg,Unmatched_Page72_page_72_3.jpg,,unmatched
72,page_72_4.jpg,Unmatched_Page72_page_72_4.jpg,,unmatched
72,page_72_5.jpg,Unmatched_Page72_page_72_5.jpg,,unmatched
72,page_72_6.jpg,Unmatched_Page72_page_72_6.jpg,,unmatched
72,page_72_7.jpg,Unmatched_Page72_page_72_7.jpg,,unmatched
72,page_72_8.jpg,Unmatched_Page72_page_72_8.jpg,,unmatched
72,page_72_9.jpg,Unmatched_Page72_page_72_9.jpg,,unmatched
73,page_73_1.jpg,Unmatched_Page73_page_73_1.jpg,,unmatched
73,page_73_10.jpg,Unmatched_Page73_page_73_10.jpg,,unmatched
73,page_73_11.jpg,Unmatched_Page73_page_73_11.jpg,,unmatched
73,page_73_12.jpg,Unmatched_Page73_page_73_12.jpg,,unmatched
73,page_73_13.jpg,Unmatched_Page73_page_73_13.jpg,,unmatched
73,page_73_14.jpg,Unmatched_Page73_page_73_14.jpg,,unmatched
73,page_73_15.jpg,Unmatched_Page73_page_73_15.jpg,,unmatched
73,page_73_16.jpg,Unmatched_Page73_page_73_16.jpg,,unmatched
73,page_73_17.jpg,Unmatched_Page73_page_73_17.jpg,,unmatched
73,page_73_18.jpg,Unmatched_Page73_page_73_18.jpg,,unmatched
73,page_73_19.jpg,Unmatched_Page73_page_73_19.jpg,,unmatched
73,page_73_2.jpg,Unmatched_Page73_page_73_2.jpg,,unmatched
73,page_73_3.jpg,Unmatched_Page73_page_73_3.jpg,,unmatched
73,page_73_4.jpg,Unmatched_Page73_page_73_4.jpg,,unmatched
73,page_73_5.jpg,Unmatched_Page73_page_73_5.jpg,,unmatched
73,page_73_6.jpg,Unmatched_Page73_page_73_6.jpg,,unmatched
73,page_73_7.jpg,Unmatched_Page73_page_73_7.jpg,,unmatched
73,page_73_8.jpg,Unmatched_Page73_page_73_8.jpg,,unmatched
73,page_73_9.jpg,Unmatched_Page73_page_73_9.jpg,,unmatched
74,page_74_1.jpg,Unmatched_Page74_page_74_1.jpg,,unmatched
74,page_74_10.jpg,Unmatched_Page74_page_74_10.jpg,,unmatched
74,page_74_11.jpg,Unmatched_Page74_page_74_11.jpg,,unmatched
74,page_74_12.jpg,Unmatched_Page74_page_74_12.jpg,,unmatched
74,page_74_13.jpg,Unmatched_Page74_page_74_13.jpg,,unmatched
74,page_74_14.jpg,Unmatched_Page74_page_74_14.jpg,,unmatched
74,page_74_2.jpg,Unmatched_Page74_page_74_2.jpg,,unmatched
74,page_74_3.jpg,Unmatched_Page74_page_74_3.jpg,,unmatched
74,page_74_4.jpg,Unmatched_Page74_page_74_4.jpg,,unmatched
74,page_74_5.jpg,Unmatched_Page74_page_74_5.jpg,,unmatched
74,page_74_6.jpg,Unmatched_Page74_page_74_6.jpg,,unmatched
74,page_74_7.jpg,Unmatched_Page74_page_74_7.jpg,,unmatched
74,page_74_8.jpg,Unmatched_Page74_page_74_8.jpg,,unmatched
74,page_74_9.jpg,Unmatched_Page74_page_74_9.jpg,,unmatched
75,page_75_1.jpg,Unmatched_Page75_page_75_1.jpg,,unmatched
75,page_75_10.jpg,Unmatched_Page75_page_75_10.jpg,,unmatched
75,page_75_11.jpg,Unmatched_Page75_page_75_11.jpg,,unmatched
75,page_75_12.jpg,Unmatched_Page75_page_75_12.jpg,,unmatched
75,page_75_13.jpg,Unmatched_Page75_page_75_13.jpg,,unmatched
75,page_75_14.jpg,Unmatched_Page75_page_75_14.jpg,,unmatched
75,page_75_15.jpg,Unmatched_Page75_page_75_15.jpg,,unmatched
75,page_75_16.jpg,Unmatched_Page75_page_75_16.jpg,,unmatched
75,page_75_17.jpg,Unmatched_Page75_page_75_17.jpg,,unmatched
75,page_75_18.jpg,Unmatched_Page75_page_75_18.jpg,,unmatched
75,page_75_19.jpg,Unmatched_Page75_page_75_19.jpg,,unmatched
75,page_75_2.jpg,Unmatched_Page75_page_75_2.jpg,,unmatched
75,page_75_20.jpg,Unmatched_Page75_page_75_20.jpg,,unmatched
75,page_75_21.jpg,Unmatched_Page75_page_75_21.jpg,,unmatched
75,page_75_22.jpg,Unmatched_Page75_page_75_22.jpg,,unmatched
75,page_75_23.jpg,Unmatched_Page75_page_75_23.jpg,,unmatched
75,page_75_24.jpg,Unmatched_Page75_page_75_24.jpg,,unmatched
75,page_75_25.jpg,Unmatched_Page75_page_75_25.jpg,,unmatched
75,page_75_26.jpg,Unmatched_Page75_page_75_26.jpg,,unmatched
75,page_75_27.jpg,Unmatched_Page75_page_75_27.jpg,,unmatched
75,page_75_28.jpg,Unmatched_Page75_page_75_28.jpg,,unmatched
75,page_75_29.jpg,Unmatched_Page75_page_75_29.jpg,,unmatched
75,page_75_3.jpg,Unmatched_Page75_page_75_3.jpg,,unmatched
75,page_75_30.jpg,Unmatched_Page75_page_75_30.jpg,,unmatched
75,page_75_31.jpg,Unmatched_Page75_page_75_31.jpg,,unmatched
75,page_75_32.jpg,Unmatched_Page75_page_75_32.jpg,,unmatched
75,page_75_33.jpg,Unmatched_Page75_page_75_33.jpg,,unmatched
75,page_75_34.jpg,Unmatched_Page75_page_75_34.jpg,,unmatched
75,page_75_35.jpg,Unmatched_Page75_page_75_35.jpg,,unmatched
75,page_75_36.jpg,Unmatched_Page75_page_75_36.jpg,,unmatched
75,page_75_37.jpg,Unmatched_Page75_page_75_37.jpg,,unmatched
75,page_75_38.jpg,Unmatched_Page75_page_75_38.jpg,,unmatched
75,page_75_39.jpg,Unmatched_Page75_page_75_39.jpg,,unmatched
75,page_75_4.jpg,Unmatched_Page75_page_75_4.jpg,,unmatched
75,page_75_40.jpg,Unmatched_Page75_page_75_40.jpg,,unmatched
75,page_75_41.jpg,Unmatched_Page75_page_75_41.jpg,,unmatched
75,page_75_42.jpg,Unmatched_Page75_page_75_42.jpg,,unmatched
75,page_75_43.jpg,Unmatched_Page75_page_75_43.jpg,,unmatched
75,page_75_44.jpg,Unmatched_Page75_page_75_44.jpg,,unmatched
75,page_75_45.jpg,Unmatched_Page75_page_75_45.jpg,,unmatched
75,page_75_46.jpg,Unmatched_Page75_page_75_46.jpg,,unmatched
75,page_75_5.jpg,Unmatched_Page75_page_75_5.jpg,,unmatched
75,page_75_6.jpg,Unmatched_Page75_page_75_6.jpg,,unmatched
75,page_75_7.jpg,Unmatched_Page75_page_75_7.jpg,,unmatched
75,page_75_8.jpg,Unmatched_Page75_page_75_8.jpg,,unmatched
75,page_75_9.jpg,Unmatched_Page75_page_75_9.jpg,,unmatched
76,page_76_1.jpg,Unmatched_Page76_page_76_1.jpg,,unmatched
76,page_76_10.jpg,Unmatched_Page76_page_76_10.jpg,,unmatched
76,page_76_11.jpg,Unmatched_Page76_page_76_11.jpg,,unmatched
76,page_76_12.jpg,Unmatched_Page76_page_76_12.jpg,,unmatched
76,page_76_13.jpg,Unmatched_Page76_page_76_13.jpg,,unmatched
76,page_76_14.jpg,Unmatched_Page76_page_76_14.jpg,,unmatched
76,page_76_15.jpg,Unmatched_Page76_page_76_15.jpg,,unmatched
76,page_76_16.jpg,Unmatched_Page76_page_76_16.jpg,,unmatched
76,page_76_17.jpg,Unmatched_Page76_page_76_17.jpg,,unmatched
76,page_76_18.jpg,Unmatched_Page76_page_76_18.jpg,,unmatched
76,page_76_19.jpg,Unmatched_Page76_page_76_19.jpg,,unmatched
76,page_76_2.jpg,Unmatched_Page76_page_76_2.jpg,,unmatched
76,page_76_20.jpg,Unmatched_Page76_page_76_20.jpg,,unmatched
76,page_76_21.jpg,Unmatched_Page76_page_76_21.jpg,,unmatched
76,page_76_22.jpg,Unmatched_Page76_page_76_22.jpg,,unmatched
76,page_76_23.jpg,Unmatched_Page76_page_76_23.jpg,,unmatched
76,page_76_24.jpg,Unmatched_Page76_page_76_24.jpg,,unmatched
76,page_76_25.jpg,Unmatched_Page76_page_76_25.jpg,,unmatched
76,page_76_26.jpg,Unmatched_Page76_page_76_26.jpg,,unmatched
76,page_76_27.jpg,Unmatched_Page76_page_76_27.jpg,,unmatched
76,page_76_28.jpg,Unmatched_Page76_page_76_28.jpg,,unmatched
76,page_76_29.jpg,Unmatched_Page76_page_76_29.jpg,,unmatched
76,page_76_3.jpg,Unmatched_Page76_page_76_3.jpg,,unmatched
76,page_76_30.jpg,Unmatched_Page76_page_76_30.jpg,,unmatched
76,page_76_31.jpg,Unmatched_Page76_page_76_31.jpg,,unmatched
76,page_76_32.jpg,Unmatched_Page76_page_76_32.jpg,,unmatched
76,page_76_33.jpg,Unmatched_Page76_page_76_33.jpg,,unmatched
76,page_76_34.jpg,Unmatched_Page76_page_76_34.jpg,,unmatched
76,page_76_35.jpg,Unmatched_Page76_page_76_35.jpg,,unmatched
76,page_76_36.jpg,Unmatched_Page76_page_76_36.jpg,,unmatched
76,page_76_37.jpg,Unmatched_Page76_page_76_37.jpg,,unmatched
76,page_76_38.jpg,Unmatched_Page76_page_76_38.jpg,,unmatched
76,page_76_39.jpg,Unmatched_Page76_page_76_39.jpg,,unmatched
76,page_76_4.jpg,Unmatched_Page76_page_76_4.jpg,,unmatched
76,page_76_40.jpg,Unmatched_Page76_page_76_40.jpg,,unmatched
76,page_76_41.jpg,Unmatched_Page76_page_76_41.jpg,,unmatched
76,page_76_42.jpg,Unmatched_Page76_page_76_42.jpg,,unmatched
76,page_76_43.jpg,Unmatched_Page76_page_76_43.jpg,,unmatched
76,page_76_44.jpg,Unmatched_Page76_page_76_44.jpg,,unmatched
76,page_76_45.jpg,Unmatched_Page76_page_76_45.jpg,,unmatched
76,page_76_46.jpg,Unmatched_Page76_page_76_46.jpg,,unmatched
76,page_76_47.jpg,Unmatched_Page76_page_76_47.jpg,,unmatched
76,page_76_5.jpg,Unmatched_Page76_page_76_5.jpg,,unmatched
76,page_76_6.jpg,Unmatched_Page76_page_76_6.jpg,,unmatched
76,page_76_7.jpg,Unmatched_Page76_page_76_7.jpg,,unmatched
76,page_76_8.jpg,Unmatched_Page76_page_76_8.jpg,,unmatched
76,page_76_9.jpg,Unmatched_Page76_page_76_9.jpg,,unmatched
77,page_77_1.jpg,Unmatched_Page77_page_77_1.jpg,,unmatched
77,page_77_10.jpg,Unmatched_Page77_page_77_10.jpg,,unmatched
77,page_77_11.jpg,Unmatched_Page77_page_77_11.jpg,,unmatched
77,page_77_12.jpg,Unmatched_Page77_page_77_12.jpg,,unmatched
77,page_77_13.jpg,Unmatched_Page77_page_77_13.jpg,,unmatched
77,page_77_14.jpg,Unmatched_Page77_page_77_14.jpg,,unmatched
77,page_77_15.jpg,Unmatched_Page77_page_77_15.jpg,,unmatched
77,page_77_16.jpg,Unmatched_Page77_page_77_16.jpg,,unmatched
77,page_77_17.jpg,Unmatched_Page77_page_77_17.jpg,,unmatched
77,page_77_18.jpg,Unmatched_Page77_page_77_18.jpg,,unmatched
77,page_77_19.jpg,Unmatched_Page77_page_77_19.jpg,,unmatched
77,page_77_2.jpg,Unmatched_Page77_page_77_2.jpg,,unmatched
77,page_77_20.jpg,Unmatched_Page77_page_77_20.jpg,,unmatched
77,page_77_21.jpg,Unmatched_Page77_page_77_21.jpg,,unmatched
77,page_77_22.jpg,Unmatched_Page77_page_77_22.jpg,,unmatched
77,page_77_23.jpg,Unmatched_Page77_page_77_23.jpg,,unmatched
77,page_77_24.jpg,Unmatched_Page77_page_77_24.jpg,,unmatched
77,page_77_25.jpg,Unmatched_Page77_page_77_25.jpg,,unmatched
77,page_77_26.jpg,Unmatched_Page77_page_77_26.jpg,,unmatched
77,page_77_27.jpg,Unmatched_Page77_page_77_27.jpg,,unmatched
77,page_77_28.jpg,Unmatched_Page77_page_77_28.jpg,,unmatched
77,page_77_29.jpg,Unmatched_Page77_page_77_29.jpg,,unmatched
77,page_77_3.jpg,Unmatched_Page77_page_77_3.jpg,,unmatched
77,page_77_30.jpg,Unmatched_Page77_page_77_30.jpg,,unmatched
77,page_77_31.jpg,Unmatched_Page77_page_77_31.jpg,,unmatched
77,page_77_32.jpg,Unmatched_Page77_page_77_32.jpg,,unmatched
77,page_77_33.jpg,Unmatched_Page77_page_77_33.jpg,,unmatched
77,page_77_34.jpg,Unmatched_Page77_page_77_34.jpg,,unmatched
77,page_77_35.jpg,Unmatched_Page77_page_77_35.jpg,,unmatched
77,page_77_36.jpg,Unmatched_Page77_page_77_36.jpg,,unmatched
77,page_77_37.jpg,Unmatched_Page77_page_77_37.jpg,,unmatched
77,page_77_38.jpg,Unmatched_Page77_page_77_38.jpg,,unmatched
77,page_77_39.jpg,Unmatched_Page77_page_77_39.jpg,,unmatched
77,page_77_4.jpg,Unmatched_Page77_page_77_4.jpg,,unmatched
77,page_77_40.jpg,Unmatched_Page77_page_77_40.jpg,,unmatched
77,page_77_41.jpg,Unmatched_Page77_page_77_41.jpg,,unmatched
77,page_77_42.jpg,Unmatched_Page77_page_77_42.jpg,,unmatched
77,page_77_43.jpg,Unmatched_Page77_page_77_43.jpg,,unmatched
77,page_77_44.jpg,Unmatched_Page77_page_77_44.jpg,,unmatched
77,page_77_45.jpg,Unmatched_Page77_page_77_45.jpg,,unmatched
77,page_77_46.jpg,Unmatched_Page77_page_77_46.jpg,,unmatched
77,page_77_47.jpg,Unmatched_Page77_page_77_47.jpg,,unmatched
77,page_77_48.jpg,Unmatched_Page77_page_77_48.jpg,,unmatched
77,page_77_49.jpg,Unmatched_Page77_page_77_49.jpg,,unmatched
77,page_77_5.jpg,Unmatched_Page77_page_77_5.jpg,,unmatched
77,page_77_50.jpg,Unmatched_Page77_page_77_50.jpg,,unmatched
77,page_77_51.jpg,Unmatched_Page77_page_77_51.jpg,,unmatched
77,page_77_52.jpg,Unmatched_Page77_page_77_52.jpg,,unmatched
77,page_77_53.jpg,Unmatched_Page77_page_77_53.jpg,,unmatched
77,page_77_54.jpg,Unmatched_Page77_page_77_54.jpg,,unmatched
77,page_77_55.jpg,Unmatched_Page77_page_77_55.jpg,,unmatched
77,page_77_6.jpg,Unmatched_Page77_page_77_6.jpg,,unmatched
77,page_77_7.jpg,Unmatched_Page77_page_77_7.jpg,,unmatched
77,page_77_8.jpg,Unmatched_Page77_page_77_8.jpg,,unmatched
77,page_77_9.jpg,Unmatched_Page77_page_77_9.jpg,,unmatched
78,page_78_1.jpg,Unmatched_Page78_page_78_1.jpg,,unmatched
78,page_78_10.jpg,Unmatched_Page78_page_78_10.jpg,,unmatched
78,page_78_11.jpg,Unmatched_Page78_page_78_11.jpg,,unmatched
78,page_78_12.jpg,Unmatched_Page78_page_78_12.jpg,,unmatched
78,page_78_13.jpg,Unmatched_Page78_page_78_13.jpg,,unmatched
78,page_78_2.jpg,Unmatched_Page78_page_78_2.jpg,,unmatched
78,page_78_3.jpg,Unmatched_Page78_page_78_3.jpg,,unmatched
78,page_78_4.jpg,Unmatched_Page78_page_78_4.jpg,,unmatched
78,page_78_5.jpg,Unmatched_Page78_page_78_5.jpg,,unmatched
78,page_78_6.jpg,Unmatched_Page78_page_78_6.jpg,,unmatched
78,page_78_7.jpg,Unmatched_Page78_page_78_7.jpg,,unmatched
78,page_78_8.jpg,Unmatched_Page78_page_78_8.jpg,,unmatched
78,page_78_9.jpg,Unmatched_Page78_page_78_9.jpg,,unmatched
79,page_79_1.jpg,Unmatched_Page79_page_79_1.jpg,,unmatched
79,page_79_10.jpg,Unmatched_Page79_page_79_10.jpg,,unmatched
79,page_79_11.jpg,Unmatched_Page79_page_79_11.jpg,,unmatched
79,page_79_12.jpg,Unmatched_Page79_page_79_12.jpg,,unmatched
79,page_79_13.jpg,Unmatched_Page79_page_79_13.jpg,,unmatched
79,page_79_14.jpg,Unmatched_Page79_page_79_14.jpg,,unmatched
79,page_79_15.jpg,Unmatched_Page79_page_79_15.jpg,,unmatched
79,page_79_16.jpg,Unmatched_Page79_page_79_16.jpg,,unmatched
79,page_79_17.jpg,Unmatched_Page79_page_79_17.jpg,,unmatched
79,page_79_18.jpg,Unmatched_Page79_page_79_18.jpg,,unmatched
79,page_79_19.jpg,Unmatched_Page79_page_79_19.jpg,,unmatched
79,page_79_2.jpg,Unmatched_Page79_page_79_2.jpg,,unmatched
79,page_79_20.jpg,Unmatched_Page79_page_79_20.jpg,,unmatched
79,page_79_21.jpg,Unmatched_Page79_page_79_21.jpg,,unmatched
79,page_79_22.jpg,Unmatched_Page79_page_79_22.jpg,,unmatched
79,page_79_23.jpg,Unmatched_Page79_page_79_23.jpg,,unmatched
79,page_79_24.jpg,Unmatched_Page79_page_79_24.jpg,,unmatched
79,page_79_25.jpg,Unmatched_Page79_page_79_25.jpg,,unmatched
79,page_79_26.jpg,Unmatched_Page79_page_79_26.jpg,,unmatched
79,page_79_27.jpg,Unmatched_Page79_page_79_27.jpg,,unmatched
79,page_79_28.jpg,Unmatched_Page79_page_79_28.jpg,,unmatched
79,page_79_3.jpg,Unmatched_Page79_page_79_3.jpg,,unmatched
79,page_79_4.jpg,Unmatched_Page79_page_79_4.jpg,,unmatched
79,page_79_5.jpg,Unmatched_Page79_page_79_5.jpg,,unmatched
79,page_79_6.jpg,Unmatched_Page79_page_79_6.jpg,,unmatched
79,page_79_7.jpg,Unmatched_Page79_page_79_7.jpg,,unmatched
79,page_79_8.jpg,Unmatched_Page79_page_79_8.jpg,,unmatched
79,page_79_9.jpg,Unmatched_Page79_page_79_9.jpg,,unmatched
7,page_7_1.jpg,Unmatched_Page7_page_7_1.jpg,,unmatched
7,page_7_10.jpg,Unmatched_Page7_page_7_10.jpg,,unmatched
7,page_7_11.jpg,Unmatched_Page7_page_7_11.jpg,,unmatched
7,page_7_12.jpg,Unmatched_Page7_page_7_12.jpg,,unmatched
7,page_7_13.jpg,Unmatched_Page7_page_7_13.jpg,,unmatched
7,page_7_14.jpg,Unmatched_Page7_page_7_14.jpg,,unmatched
7,page_7_2.jpg,Unmatched_Page7_page_7_2.jpg,,unmatched
7,page_7_3.jpg,Unmatched_Page7_page_7_3.jpg,,unmatched
7,page_7_4.jpg,Unmatched_Page7_page_7_4.jpg,,unmatched
7,page_7_5.jpg,Unmatched_Page7_page_7_5.jpg,,unmatched
7,page_7_6.jpg,Unmatched_Page7_page_7_6.jpg,,unmatched
7,page_7_7.jpg,Unmatched_Page7_page_7_7.jpg,,unmatched
7,page_7_8.jpg,Unmatched_Page7_page_7_8.jpg,,unmatched
7,page_7_9.jpg,Unmatched_Page7_page_7_9.jpg,,unmatched
80,page_80_1.jpg,Unmatched_Page80_page_80_1.jpg,,unmatched
80,page_80_10.jpg,Unmatched_Page80_page_80_10.jpg,,unmatched
80,page_80_11.jpg,Unmatched_Page80_page_80_11.jpg,,unmatched
80,page_80_12.jpg,Unmatched_Page80_page_80_12.jpg,,unmatched
80,page_80_13.jpg,Unmatched_Page80_page_80_13.jpg,,unmatched
80,page_80_14.jpg,Unmatched_Page80_page_80_14.jpg,,unmatched
80,page_80_15.jpg,Unmatched_Page80_page_80_15.jpg,,unmatched
80,page_80_16.jpg,Unmatched_Page80_page_80_16.jpg,,unmatched
80,page_80_17.jpg,Unmatched_Page80_page_80_17.jpg,,unmatched
80,page_80_18.jpg,Unmatched_Page80_page_80_18.jpg,,unmatched
80,page_80_19.jpg,Unmatched_Page80_page_80_19.jpg,,unmatched
80,page_80_2.jpg,Unmatched_Page80_page_80_2.jpg,,unmatched
80,page_80_20.jpg,Unmatched_Page80_page_80_20.jpg,,unmatched
80,page_80_21.jpg,Unmatched_Page80_page_80_21.jpg,,unmatched
80,page_80_22.jpg,Unmatched_Page80_page_80_22.jpg,,unmatched
80,page_80_23.jpg,Unmatched_Page80_page_80_23.jpg,,unmatched
80,page_80_24.jpg,Unmatched_Page80_page_80_24.jpg,,unmatched
80,page_80_3.jpg,Unmatched_Page80_page_80_3.jpg,,unmatched
80,page_80_4.jpg,Unmatched_Page80_page_80_4.jpg,,unmatched
80,page_80_5.jpg,Unmatched_Page80_page_80_5.jpg,,unmatched
80,page_80_6.jpg,Unmatched_Page80_page_80_6.jpg,,unmatched
80,page_80_7.jpg,Unmatched_Page80_page_80_7.jpg,,unmatched
80,page_80_8.jpg,Unmatched_Page80_page_80_8.jpg,,unmatched
80,page_80_9.jpg,Unmatched_Page80_page_80_9.jpg,,unmatched
81,page_81_1.jpg,Unmatched_Page81_page_81_1.jpg,,unmatched
81,page_81_10.jpg,Unmatched_Page81_page_81_10.jpg,,unmatched
81,page_81_11.jpg,Unmatched_Page81_page_81_11.jpg,,unmatched
81,page_81_12.jpg,Unmatched_Page81_page_81_12.jpg,,unmatched
81,page_81_13.jpg,Unmatched_Page81_page_81_13.jpg,,unmatched
81,page_81_14.jpg,Unmatched_Page81_page_81_14.jpg,,unmatched
81,page_81_15.jpg,Unmatched_Page81_page_81_15.jpg,,unmatched
81,page_81_16.jpg,Unmatched_Page81_page_81_16.jpg,,unmatched
81,page_81_17.jpg,Unmatched_Page81_page_81_17.jpg,,unmatched
81,page_81_18.jpg,Unmatched_Page81_page_81_18.jpg,,unmatched
81,page_81_19.jpg,Unmatched_Page81_page_81_19.jpg,,unmatched
81,page_81_2.jpg,Unmatched_Page81_page_81_2.jpg,,unmatched
81,page_81_20.jpg,Unmatched_Page81_page_81_20.jpg,,unmatched
81,page_81_21.jpg,Unmatched_Page81_page_81_21.jpg,,unmatched
81,page_81_22.jpg,Unmatched_Page81_page_81_22.jpg,,unmatched
81,page_81_23.jpg,Unmatched_Page81_page_81_23.jpg,,unmatched
81,page_81_24.jpg,Unmatched_Page81_page_81_24.jpg,,unmatched
81,page_81_25.jpg,Unmatched_Page81_page_81_25.jpg,,unmatched
81,page_81_26.jpg,Unmatched_Page81_page_81_26.jpg,,unmatched
81,page_81_27.jpg,Unmatched_Page81_page_81_27.jpg,,unmatched
81,page_81_28.jpg,Unmatched_Page81_page_81_28.jpg,,unmatched
81,page_81_3.jpg,Unmatched_Page81_page_81_3.jpg,,unmatched
81,page_81_4.jpg,Unmatched_Page81_page_81_4.jpg,,unmatched
81,page_81_5.jpg,Unmatched_Page81_page_81_5.jpg,,unmatched
81,page_81_6.jpg,Unmatched_Page81_page_81_6.jpg,,unmatched
81,page_81_7.jpg,Unmatched_Page81_page_81_7.jpg,,unmatched
81,page_81_8.jpg,Unmatched_Page81_page_81_8.jpg,,unmatched
81,page_81_9.jpg,Unmatched_Page81_page_81_9.jpg,,unmatched
82,page_82_1.jpg,Unmatched_Page82_page_82_1.jpg,,unmatched
82,page_82_10.jpg,Unmatched_Page82_page_82_10.jpg,,unmatched
82,page_82_11.jpg,Unmatched_Page82_page_82_11.jpg,,unmatched
82,page_82_12.jpg,Unmatched_Page82_page_82_12.jpg,,unmatched
82,page_82_13.jpg,Unmatched_Page82_page_82_13.jpg,,unmatched
82,page_82_14.jpg,Unmatched_Page82_page_82_14.jpg,,unmatched
82,page_82_15.jpg,Unmatched_Page82_page_82_15.jpg,,unmatched
82,page_82_16.jpg,Unmatched_Page82_page_82_16.jpg,,unmatched
82,page_82_17.jpg,Unmatched_Page82_page_82_17.jpg,,unmatched
82,page_82_18.jpg,Unmatched_Page82_page_82_18.jpg,,unmatched
82,page_82_19.jpg,Unmatched_Page82_page_82_19.jpg,,unmatched
82,page_82_2.jpg,Unmatched_Page82_page_82_2.jpg,,unmatched
82,page_82_3.jpg,Unmatched_Page82_page_82_3.jpg,,unmatched
82,page_82_4.jpg,Unmatched_Page82_page_82_4.jpg,,unmatched
82,page_82_5.jpg,Unmatched_Page82_page_82_5.jpg,,unmatched
82,page_82_6.jpg,Unmatched_Page82_page_82_6.jpg,,unmatched
82,page_82_7.jpg,Unmatched_Page82_page_82_7.jpg,,unmatched
82,page_82_8.jpg,Unmatched_Page82_page_82_8.jpg,,unmatched
82,page_82_9.jpg,Unmatched_Page82_page_82_9.jpg,,unmatched
83,page_83_1.jpg,Unmatched_Page83_page_83_1.jpg,,unmatched
83,page_83_10.jpg,Unmatched_Page83_page_83_10.jpg,,unmatched
83,page_83_11.jpg,Unmatched_Page83_page_83_11.jpg,,unmatched
83,page_83_12.jpg,Unmatched_Page83_page_83_12.jpg,,unmatched
83,page_83_2.jpg,Unmatched_Page83_page_83_2.jpg,,unmatched
83,page_83_3.jpg,Unmatched_Page83_page_83_3.jpg,,unmatched
83,page_83_4.jpg,Unmatched_Page83_page_83_4.jpg,,unmatched
83,page_83_5.jpg,Unmatched_Page83_page_83_5.jpg,,unmatched
83,page_83_6.jpg,Unmatched_Page83_page_83_6.jpg,,unmatched
83,page_83_7.jpg,Unmatched_Page83_page_83_7.jpg,,unmatched
83,page_83_8.jpg,Unmatched_Page83_page_83_8.jpg,,unmatched
83,page_83_9.jpg,Unmatched_Page83_page_83_9.jpg,,unmatched
84,page_84_1.jpg,Unmatched_Page84_page_84_1.jpg,,unmatched
84,page_84_10.jpg,Unmatched_Page84_page_84_10.jpg,,unmatched
84,page_84_2.jpg,Unmatched_Page84_page_84_2.jpg,,unmatched
84,page_84_3.jpg,Unmatched_Page84_page_84_3.jpg,,unmatched
84,page_84_4.jpg,Unmatched_Page84_page_84_4.jpg,,unmatched
84,page_84_5.jpg,Unmatched_Page84_page_84_5.jpg,,unmatched
84,page_84_6.jpg,Unmatched_Page84_page_84_6.jpg,,unmatched
84,page_84_7.jpg,Unmatched_Page84_page_84_7.jpg,,unmatched
84,page_84_8.jpg,Unmatched_Page84_page_84_8.jpg,,unmatched
84,page_84_9.jpg,Unmatched_Page84_page_84_9.jpg,,unmatched
85,page_85_1.jpg,Unmatched_Page85_page_85_1.jpg,,unmatched
85,page_85_10.jpg,Unmatched_Page85_page_85_10.jpg,,unmatched
85,page_85_11.jpg,Unmatched_Page85_page_85_11.jpg,,unmatched
85,page_85_12.jpg,Unmatched_Page85_page_85_12.jpg,,unmatched
85,page_85_13.jpg,Unmatched_Page85_page_85_13.jpg,,unmatched
85,page_85_14.jpg,Unmatched_Page85_page_85_14.jpg,,unmatched
85,page_85_15.jpg,Unmatched_Page85_page_85_15.jpg,,unmatched
85,page_85_16.jpg,Unmatched_Page85_page_85_16.jpg,,unmatched
85,page_85_17.jpg,Unmatched_Page85_page_85_17.jpg,,unmatched
85,page_85_18.jpg,Unmatched_Page85_page_85_18.jpg,,unmatched
85,page_85_19.jpg,Unmatched_Page85_page_85_19.jpg,,unmatched
85,page_85_2.jpg,Unmatched_Page85_page_85_2.jpg,,unmatched
85,page_85_20.jpg,Unmatched_Page85_page_85_20.jpg,,unmatched
85,page_85_21.jpg,Unmatched_Page85_page_85_21.jpg,,unmatched
85,page_85_22.jpg,Unmatched_Page85_page_85_22.jpg,,unmatched
85,page_85_23.jpg,Unmatched_Page85_page_85_23.jpg,,unmatched
85,page_85_24.jpg,Unmatched_Page85_page_85_24.jpg,,unmatched
85,page_85_25.jpg,Unmatched_Page85_page_85_25.jpg,,unmatched
85,page_85_26.jpg,Unmatched_Page85_page_85_26.jpg,,unmatched
85,page_85_27.jpg,Unmatched_Page85_page_85_27.jpg,,unmatched
85,page_85_28.jpg,Unmatched_Page85_page_85_28.jpg,,unmatched
85,page_85_29.jpg,Unmatched_Page85_page_85_29.jpg,,unmatched
85,page_85_3.jpg,Unmatched_Page85_page_85_3.jpg,,unmatched
85,page_85_30.jpg,Unmatched_Page85_page_85_30.jpg,,unmatched
85,page_85_31.jpg,Unmatched_Page85_page_85_31.jpg,,unmatched
85,page_85_32.jpg,Unmatched_Page85_page_85_32.jpg,,unmatched
85,page_85_33.jpg,Unmatched_Page85_page_85_33.jpg,,unmatched
85,page_85_34.jpg,Unmatched_Page85_page_85_34.jpg,,unmatched
85,page_85_35.jpg,Unmatched_Page85_page_85_35.jpg,,unmatched
85,page_85_36.jpg,Unmatched_Page85_page_85_36.jpg,,unmatched
85,page_85_37.jpg,Unmatched_Page85_page_85_37.jpg,,unmatched
85,page_85_38.jpg,Unmatched_Page85_page_85_38.jpg,,unmatched
85,page_85_39.jpg,Unmatched_Page85_page_85_39.jpg,,unmatched
85,page_85_4.jpg,Unmatched_Page85_page_85_4.jpg,,unmatched
85,page_85_40.jpg,Unmatched_Page85_page_85_40.jpg,,unmatched
85,page_85_41.jpg,Unmatched_Page85_page_85_41.jpg,,unmatched
85,page_85_42.jpg,Unmatched_Page85_page_85_42.jpg,,unmatched
85,page_85_43.jpg,Unmatched_Page85_page_85_43.jpg,,unmatched
85,page_85_44.jpg,Unmatched_Page85_page_85_44.jpg,,unmatched
85,page_85_45.jpg,Unmatched_Page85_page_85_45.jpg,,unmatched
85,page_85_46.jpg,Unmatched_Page85_page_85_46.jpg,,unmatched
85,page_85_47.jpg,Unmatched_Page85_page_85_47.jpg,,unmatched
85,page_85_48.jpg,Unmatched_Page85_page_85_48.jpg,,unmatched
85,page_85_49.jpg,Unmatched_Page85_page_85_49.jpg,,unmatched
85,page_85_5.jpg,Unmatched_Page85_page_85_5.jpg,,unmatched
85,page_85_50.jpg,Unmatched_Page85_page_85_50.jpg,,unmatched
85,page_85_51.jpg,Unmatched_Page85_page_85_51.jpg,,unmatched
85,page_85_52.jpg,Unmatched_Page85_page_85_52.jpg,,unmatched
85,page_85_53.jpg,Unmatched_Page85_page_85_53.jpg,,unmatched
85,page_85_54.jpg,Unmatched_Page85_page_85_54.jpg,,unmatched
85,page_85_55.jpg,Unmatched_Page85_page_85_55.jpg,,unmatched
85,page_85_56.jpg,Unmatched_Page85_page_85_56.jpg,,unmatched
85,page_85_57.jpg,Unmatched_Page85_page_85_57.jpg,,unmatched
85,page_85_58.jpg,Unmatched_Page85_page_85_58.jpg,,unmatched
85,page_85_59.jpg,Unmatched_Page85_page_85_59.jpg,,unmatched
85,page_85_6.jpg,Unmatched_Page85_page_85_6.jpg,,unmatched
85,page_85_60.jpg,Unmatched_Page85_page_85_60.jpg,,unmatched
85,page_85_7.jpg,Unmatched_Page85_page_85_7.jpg,,unmatched
85,page_85_8.jpg,Unmatched_Page85_page_85_8.jpg,,unmatched
85,page_85_9.jpg,Unmatched_Page85_page_85_9.jpg,,unmatched
86,page_86_1.jpg,Unmatched_Page86_page_86_1.jpg,,unmatched
86,page_86_10.jpg,Unmatched_Page86_page_86_10.jpg,,unmatched
86,page_86_11.jpg,Unmatched_Page86_page_86_11.jpg,,unmatched
86,page_86_12.jpg,Unmatched_Page86_page_86_12.jpg,,unmatched
86,page_86_13.jpg,Unmatched_Page86_page_86_13.jpg,,unmatched
86,page_86_14.jpg,Unmatched_Page86_page_86_14.jpg,,unmatched
86,page_86_15.jpg,Unmatched_Page86_page_86_15.jpg,,unmatched
86,page_86_16.jpg,Unmatched_Page86_page_86_16.jpg,,unmatched
86,page_86_17.jpg,Unmatched_Page86_page_86_17.jpg,,unmatched
86,page_86_18.jpg,Unmatched_Page86_page_86_18.jpg,,unmatched
86,page_86_19.jpg,Unmatched_Page86_page_86_19.jpg,,unmatched
86,page_86_2.jpg,Unmatched_Page86_page_86_2.jpg,,unmatched
86,page_86_20.jpg,Unmatched_Page86_page_86_20.jpg,,unmatched
86,page_86_21.jpg,Unmatched_Page86_page_86_21.jpg,,unmatched
86,page_86_22.jpg,Unmatched_Page86_page_86_22.jpg,,unmatched
86,page_86_23.jpg,Unmatched_Page86_page_86_23.jpg,,unmatched
86,page_86_24.jpg,Unmatched_Page86_page_86_24.jpg,,unmatched
86,page_86_25.jpg,Unmatched_Page86_page_86_25.jpg,,unmatched
86,page_86_26.jpg,Unmatched_Page86_page_86_26.jpg,,unmatched
86,page_86_27.jpg,Unmatched_Page86_page_86_27.jpg,,unmatched
86,page_86_28.jpg,Unmatched_Page86_page_86_28.jpg,,unmatched
86,page_86_29.jpg,Unmatched_Page86_page_86_29.jpg,,unmatched
86,page_86_3.jpg,Unmatched_Page86_page_86_3.jpg,,unmatched
86,page_86_30.jpg,Unmatched_Page86_page_86_30.jpg,,unmatched
86,page_86_31.jpg,Unmatched_Page86_page_86_31.jpg,,unmatched
86,page_86_32.jpg,Unmatched_Page86_page_86_32.jpg,,unmatched
86,page_86_33.jpg,Unmatched_Page86_page_86_33.jpg,,unmatched
86,page_86_34.jpg,Unmatched_Page86_page_86_34.jpg,,unmatched
86,page_86_35.jpg,Unmatched_Page86_page_86_35.jpg,,unmatched
86,page_86_36.jpg,Unmatched_Page86_page_86_36.jpg,,unmatched
86,page_86_37.jpg,Unmatched_Page86_page_86_37.jpg,,unmatched
86,page_86_38.jpg,Unmatched_Page86_page_86_38.jpg,,unmatched
86,page_86_39.jpg,Unmatched_Page86_page_86_39.jpg,,unmatched
86,page_86_4.jpg,Unmatched_Page86_page_86_4.jpg,,unmatched
86,page_86_40.jpg,Unmatched_Page86_page_86_40.jpg,,unmatched
86,page_86_41.jpg,Unmatched_Page86_page_86_41.jpg,,unmatched
86,page_86_42.jpg,Unmatched_Page86_page_86_42.jpg,,unmatched
86,page_86_43.jpg,Unmatched_Page86_page_86_43.jpg,,unmatched
86,page_86_44.jpg,Unmatched_Page86_page_86_44.jpg,,unmatched
86,page_86_45.jpg,Unmatched_Page86_page_86_45.jpg,,unmatched
86,page_86_46.jpg,Unmatched_Page86_page_86_46.jpg,,unmatched
86,page_86_47.jpg,Unmatched_Page86_page_86_47.jpg,,unmatched
86,page_86_48.jpg,Unmatched_Page86_page_86_48.jpg,,unmatched
86,page_86_49.jpg,Unmatched_Page86_page_86_49.jpg,,unmatched
86,page_86_5.jpg,Unmatched_Page86_page_86_5.jpg,,unmatched
86,page_86_50.jpg,Unmatched_Page86_page_86_50.jpg,,unmatched
86,page_86_51.jpg,Unmatched_Page86_page_86_51.jpg,,unmatched
86,page_86_52.jpg,Unmatched_Page86_page_86_52.jpg,,unmatched
86,page_86_53.jpg,Unmatched_Page86_page_86_53.jpg,,unmatched
86,page_86_54.jpg,Unmatched_Page86_page_86_54.jpg,,unmatched
86,page_86_55.jpg,Unmatched_Page86_page_86_55.jpg,,unmatched
86,page_86_56.jpg,Unmatched_Page86_page_86_56.jpg,,unmatched
86,page_86_57.jpg,Unmatched_Page86_page_86_57.jpg,,unmatched
86,page_86_58.jpg,Unmatched_Page86_page_86_58.jpg,,unmatched
86,page_86_59.jpg,Unmatched_Page86_page_86_59.jpg,,unmatched
86,page_86_6.jpg,Unmatched_Page86_page_86_6.jpg,,unmatched
86,page_86_60.jpg,Unmatched_Page86_page_86_60.jpg,,unmatched
86,page_86_61.jpg,Unmatched_Page86_page_86_61.jpg,,unmatched
86,page_86_62.jpg,Unmatched_Page86_page_86_62.jpg,,unmatched
86,page_86_63.jpg,Unmatched_Page86_page_86_63.jpg,,unmatched
86,page_86_64.jpg,Unmatched_Page86_page_86_64.jpg,,unmatched
86,page_86_65.jpg,Unmatched_Page86_page_86_65.jpg,,unmatched
86,page_86_66.jpg,Unmatched_Page86_page_86_66.jpg,,unmatched
86,page_86_67.jpg,Unmatched_Page86_page_86_67.jpg,,unmatched
86,page_86_68.jpg,Unmatched_Page86_page_86_68.jpg,,unmatched
86,page_86_69.jpg,Unmatched_Page86_page_86_69.jpg,,unmatched
86,page_86_7.jpg,Unmatched_Page86_page_86_7.jpg,,unmatched
86,page_86_70.jpg,Unmatched_Page86_page_86_70.jpg,,unmatched
86,page_86_71.jpg,Unmatched_Page86_page_86_71.jpg,,unmatched
86,page_86_72.jpg,Unmatched_Page86_page_86_72.jpg,,unmatched
86,page_86_8.jpg,Unmatched_Page86_page_86_8.jpg,,unmatched
86,page_86_9.jpg,Unmatched_Page86_page_86_9.jpg,,unmatched
87,page_87_1.jpg,Unmatched_Page87_page_87_1.jpg,,unmatched
87,page_87_2.jpg,Unmatched_Page87_page_87_2.jpg,,unmatched
87,page_87_3.jpg,Unmatched_Page87_page_87_3.jpg,,unmatched
87,page_87_4.jpg,Unmatched_Page87_page_87_4.jpg,,unmatched
87,page_87_5.jpg,Unmatched_Page87_page_87_5.jpg,,unmatched
88,page_88_1.jpg,Unmatched_Page88_page_88_1.jpg,,unmatched
88,page_88_10.jpg,Unmatched_Page88_page_88_10.jpg,,unmatched
88,page_88_11.jpg,Unmatched_Page88_page_88_11.jpg,,unmatched
88,page_88_12.jpg,Unmatched_Page88_page_88_12.jpg,,unmatched
88,page_88_13.jpg,Unmatched_Page88_page_88_13.jpg,,unmatched
88,page_88_14.jpg,Unmatched_Page88_page_88_14.jpg,,unmatched
88,page_88_15.jpg,Unmatched_Page88_page_88_15.jpg,,unmatched
88,page_88_16.jpg,Unmatched_Page88_page_88_16.jpg,,unmatched
88,page_88_17.jpg,Unmatched_Page88_page_88_17.jpg,,unmatched
88,page_88_18.jpg,Unmatched_Page88_page_88_18.jpg,,unmatched
88,page_88_19.jpg,Unmatched_Page88_page_88_19.jpg,,unmatched
88,page_88_2.jpg,Unmatched_Page88_page_88_2.jpg,,unmatched
88,page_88_20.jpg,Unmatched_Page88_page_88_20.jpg,,unmatched
88,page_88_21.jpg,Unmatched_Page88_page_88_21.jpg,,unmatched
88,page_88_3.jpg,Unmatched_Page88_page_88_3.jpg,,unmatched
88,page_88_4.jpg,Unmatched_Page88_page_88_4.jpg,,unmatched
88,page_88_5.jpg,Unmatched_Page88_page_88_5.jpg,,unmatched
88,page_88_6.jpg,Unmatched_Page88_page_88_6.jpg,,unmatched
88,page_88_7.jpg,Unmatched_Page88_page_88_7.jpg,,unmatched
88,page_88_8.jpg,Unmatched_Page88_page_88_8.jpg,,unmatched
88,page_88_9.jpg,Unmatched_Page88_page_88_9.jpg,,unmatched
89,page_89_1.jpg,Unmatched_Page89_page_89_1.jpg,,unmatched
89,page_89_10.jpg,Unmatched_Page89_page_89_10.jpg,,unmatched
89,page_89_11.jpg,Unmatched_Page89_page_89_11.jpg,,unmatched
89,page_89_12.jpg,Unmatched_Page89_page_89_12.jpg,,unmatched
89,page_89_13.jpg,Unmatched_Page89_page_89_13.jpg,,unmatched
89,page_89_14.jpg,Unmatched_Page89_page_89_14.jpg,,unmatched
89,page_89_15.jpg,Unmatched_Page89_page_89_15.jpg,,unmatched
89,page_89_16.jpg,Unmatched_Page89_page_89_16.jpg,,unmatched
89,page_89_17.jpg,Unmatched_Page89_page_89_17.jpg,,unmatched
89,page_89_18.jpg,Unmatched_Page89_page_89_18.jpg,,unmatched
89,page_89_19.jpg,Unmatched_Page89_page_89_19.jpg,,unmatched
89,page_89_2.jpg,Unmatched_Page89_page_89_2.jpg,,unmatched
89,page_89_20.jpg,Unmatched_Page89_page_89_20.jpg,,unmatched
89,page_89_21.jpg,Unmatched_Page89_page_89_21.jpg,,unmatched
89,page_89_3.jpg,Unmatched_Page89_page_89_3.jpg,,unmatched
89,page_89_4.jpg,Unmatched_Page89_page_89_4.jpg,,unmatched
89,page_89_5.jpg,Unmatched_Page89_page_89_5.jpg,,unmatched
89,page_89_6.jpg,Unmatched_Page89_page_89_6.jpg,,unmatched
89,page_89_7.jpg,Unmatched_Page89_page_89_7.jpg,,unmatched
89,page_89_8.jpg,Unmatched_Page89_page_89_8.jpg,,unmatched
89,page_89_9.jpg,Unmatched_Page89_page_89_9.jpg,,unmatched
8,page_8_1.jpg,Unmatched_Page8_page_8_1.jpg,,unmatched
8,page_8_10.jpg,Unmatched_Page8_page_8_10.jpg,,unmatched
8,page_8_2.jpg,Unmatched_Page8_page_8_2.jpg,,unmatched
8,page_8_3.jpg,Unmatched_Page8_page_8_3.jpg,,unmatched
8,page_8_4.jpg,Unmatched_Page8_page_8_4.jpg,,unmatched
8,page_8_5.jpg,Unmatched_Page8_page_8_5.jpg,,unmatched
8,page_8_6.jpg,Unmatched_Page8_page_8_6.jpg,,unmatched
8,page_8_7.jpg,Unmatched_Page8_page_8_7.jpg,,unmatched
8,page_8_8.jpg,Unmatched_Page8_page_8_8.jpg,,unmatched
8,page_8_9.jpg,Unmatched_Page8_page_8_9.jpg,,unmatched
90,page_90_1.jpg,Unmatched_Page90_page_90_1.jpg,,unmatched
90,page_90_10.jpg,Unmatched_Page90_page_90_10.jpg,,unmatched
90,page_90_11.jpg,Unmatched_Page90_page_90_11.jpg,,unmatched
90,page_90_12.jpg,Unmatched_Page90_page_90_12.jpg,,unmatched
90,page_90_13.jpg,Unmatched_Page90_page_90_13.jpg,,unmatched
90,page_90_14.jpg,Unmatched_Page90_page_90_14.jpg,,unmatched
90,page_90_15.jpg,Unmatched_Page90_page_90_15.jpg,,unmatched
90,page_90_16.jpg,Unmatched_Page90_page_90_16.jpg,,unmatched
90,page_90_17.jpg,Unmatched_Page90_page_90_17.jpg,,unmatched
90,page_90_18.jpg,Unmatched_Page90_page_90_18.jpg,,unmatched
90,page_90_19.jpg,Unmatched_Page90_page_90_19.jpg,,unmatched
90,page_90_2.jpg,Unmatched_Page90_page_90_2.jpg,,unmatched
90,page_90_20.jpg,Unmatched_Page90_page_90_20.jpg,,unmatched
90,page_90_3.jpg,Unmatched_Page90_page_90_3.jpg,,unmatched
90,page_90_4.jpg,Unmatched_Page90_page_90_4.jpg,,unmatched
90,page_90_5.jpg,Unmatched_Page90_page_90_5.jpg,,unmatched
90,page_90_6.jpg,Unmatched_Page90_page_90_6.jpg,,unmatched
90,page_90_7.jpg,Unmatched_Page90_page_90_7.jpg,,unmatched
90,page_90_8.jpg,Unmatched_Page90_page_90_8.jpg,,unmatched
90,page_90_9.jpg,Unmatched_Page90_page_90_9.jpg,,unmatched
91,page_91_1.jpg,Unmatched_Page91_page_91_1.jpg,,unmatched
91,page_91_10.jpg,Unmatched_Page91_page_91_10.jpg,,unmatched
91,page_91_11.jpg,Unmatched_Page91_page_91_11.jpg,,unmatched
91,page_91_12.jpg,Unmatched_Page91_page_91_12.jpg,,unmatched
91,page_91_13.jpg,Unmatched_Page91_page_91_13.jpg,,unmatched
91,page_91_14.jpg,Unmatched_Page91_page_91_14.jpg,,unmatched
91,page_91_15.jpg,Unmatched_Page91_page_91_15.jpg,,unmatched
91,page_91_16.jpg,Unmatched_Page91_page_91_16.jpg,,unmatched
91,page_91_17.jpg,Unmatched_Page91_page_91_17.jpg,,unmatched
91,page_91_18.jpg,Unmatched_Page91_page_91_18.jpg,,unmatched
91,page_91_2.jpg,Unmatched_Page91_page_91_2.jpg,,unmatched
91,page_91_3.jpg,Unmatched_Page91_page_91_3.jpg,,unmatched
91,page_91_4.jpg,Unmatched_Page91_page_91_4.jpg,,unmatched
91,page_91_5.jpg,Unmatched_Page91_page_91_5.jpg,,unmatched
91,page_91_6.jpg,Unmatched_Page91_page_91_6.jpg,,unmatched
91,page_91_7.jpg,Unmatched_Page91_page_91_7.jpg,,unmatched
91,page_91_8.jpg,Unmatched_Page91_page_91_8.jpg,,unmatched
91,page_91_9.jpg,Unmatched_Page91_page_91_9.jpg,,unmatched
92,page_92_1.jpg,Unmatched_Page92_page_92_1.jpg,,unmatched
92,page_92_10.jpg,Unmatched_Page92_page_92_10.jpg,,unmatched
92,page_92_11.jpg,Unmatched_Page92_page_92_11.jpg,,unmatched
92,page_92_12.jpg,Unmatched_Page92_page_92_12.jpg,,unmatched
92,page_92_13.jpg,Unmatched_Page92_page_92_13.jpg,,unmatched
92,page_92_14.jpg,Unmatched_Page92_page_92_14.jpg,,unmatched
92,page_92_15.jpg,Unmatched_Page92_page_92_15.jpg,,unmatched
92,page_92_2.jpg,Unmatched_Page92_page_92_2.jpg,,unmatched
92,page_92_3.jpg,Unmatched_Page92_page_92_3.jpg,,unmatched
92,page_92_4.jpg,Unmatched_Page92_page_92_4.jpg,,unmatched
92,page_92_5.jpg,Unmatched_Page92_page_92_5.jpg,,unmatched
92,page_92_6.jpg,Unmatched_Page92_page_92_6.jpg,,unmatched
92,page_92_7.jpg,Unmatched_Page92_page_92_7.jpg,,unmatched
92,page_92_8.jpg,Unmatched_Page92_page_92_8.jpg,,unmatched
92,page_92_9.jpg,Unmatched_Page92_page_92_9.jpg,,unmatched
93,page_93_1.jpg,Unmatched_Page93_page_93_1.jpg,,unmatched
93,page_93_10.jpg,Unmatched_Page93_page_93_10.jpg,,unmatched
93,page_93_11.jpg,Unmatched_Page93_page_93_11.jpg,,unmatched
93,page_93_12.jpg,Unmatched_Page93_page_93_12.jpg,,unmatched
93,page_93_13.jpg,Unmatched_Page93_page_93_13.jpg,,unmatched
93,page_93_14.jpg,Unmatched_Page93_page_93_14.jpg,,unmatched
93,page_93_15.jpg,Unmatched_Page93_page_93_15.jpg,,unmatched
93,page_93_16.jpg,Unmatched_Page93_page_93_16.jpg,,unmatched
93,page_93_17.jpg,Unmatched_Page93_page_93_17.jpg,,unmatched
93,page_93_18.jpg,Unmatched_Page93_page_93_18.jpg,,unmatched
93,page_93_19.jpg,Unmatched_Page93_page_93_19.jpg,,unmatched
93,page_93_2.jpg,Unmatched_Page93_page_93_2.jpg,,unmatched
93,page_93_20.jpg,Unmatched_Page93_page_93_20.jpg,,unmatched
93,page_93_21.jpg,Unmatched_Page93_page_93_21.jpg,,unmatched
93,page_93_22.jpg,Unmatched_Page93_page_93_22.jpg,,unmatched
93,page_93_23.jpg,Unmatched_Page93_page_93_23.jpg,,unmatched
93,page_93_24.jpg,Unmatched_Page93_page_93_24.jpg,,unmatched
93,page_93_25.jpg,Unmatched_Page93_page_93_25.jpg,,unmatched
93,page_93_26.jpg,Unmatched_Page93_page_93_26.jpg,,unmatched
93,page_93_27.jpg,Unmatched_Page93_page_93_27.jpg,,unmatched
93,page_93_28.jpg,Unmatched_Page93_page_93_28.jpg,,unmatched
93,page_93_29.jpg,Unmatched_Page93_page_93_29.jpg,,unmatched
93,page_93_3.jpg,Unmatched_Page93_page_93_3.jpg,,unmatched
93,page_93_30.jpg,Unmatched_Page93_page_93_30.jpg,,unmatched
93,page_93_31.jpg,Unmatched_Page93_page_93_31.jpg,,unmatched
93,page_93_32.jpg,Unmatched_Page93_page_93_32.jpg,,unmatched
93,page_93_33.jpg,Unmatched_Page93_page_93_33.jpg,,unmatched
93,page_93_34.jpg,Unmatched_Page93_page_93_34.jpg,,unmatched
93,page_93_35.jpg,Unmatched_Page93_page_93_35.jpg,,unmatched
93,page_93_4.jpg,Unmatched_Page93_page_93_4.jpg,,unmatched
93,page_93_5.jpg,Unmatched_Page93_page_93_5.jpg,,unmatched
93,page_93_6.jpg,Unmatched_Page93_page_93_6.jpg,,unmatched
93,page_93_7.jpg,Unmatched_Page93_page_93_7.jpg,,unmatched
93,page_93_8.jpg,Unmatched_Page93_page_93_8.jpg,,unmatched
93,page_93_9.jpg,Unmatched_Page93_page_93_9.jpg,,unmatched
94,page_94_1.jpg,Unmatched_Page94_page_94_1.jpg,,unmatched
94,page_94_10.jpg,Unmatched_Page94_page_94_10.jpg,,unmatched
94,page_94_11.jpg,Unmatched_Page94_page_94_11.jpg,,unmatched
94,page_94_12.jpg,Unmatched_Page94_page_94_12.jpg,,unmatched
94,page_94_13.jpg,Unmatched_Page94_page_94_13.jpg,,unmatched
94,page_94_14.jpg,Unmatched_Page94_page_94_14.jpg,,unmatched
94,page_94_15.jpg,Unmatched_Page94_page_94_15.jpg,,unmatched
94,page_94_16.jpg,Unmatched_Page94_page_94_16.jpg,,unmatched
94,page_94_17.jpg,Unmatched_Page94_page_94_17.jpg,,unmatched
94,page_94_18.jpg,Unmatched_Page94_page_94_18.jpg,,unmatched
94,page_94_19.jpg,Unmatched_Page94_page_94_19.jpg,,unmatched
94,page_94_2.jpg,Unmatched_Page94_page_94_2.jpg,,unmatched
94,page_94_20.jpg,Unmatched_Page94_page_94_20.jpg,,unmatched
94,page_94_21.jpg,Unmatched_Page94_page_94_21.jpg,,unmatched
94,page_94_22.jpg,Unmatched_Page94_page_94_22.jpg,,unmatched
94,page_94_23.jpg,Unmatched_Page94_page_94_23.jpg,,unmatched
94,page_94_24.jpg,Unmatched_Page94_page_94_24.jpg,,unmatched
94,page_94_25.jpg,Unmatched_Page94_page_94_25.jpg,,unmatched
94,page_94_26.jpg,Unmatched_Page94_page_94_26.jpg,,unmatched
94,page_94_27.jpg,Unmatched_Page94_page_94_27.jpg,,unmatched
94,page_94_28.jpg,Unmatched_Page94_page_94_28.jpg,,unmatched
94,page_94_29.jpg,Unmatched_Page94_page_94_29.jpg,,unmatched
94,page_94_3.jpg,Unmatched_Page94_page_94_3.jpg,,unmatched
94,page_94_30.jpg,Unmatched_Page94_page_94_30.jpg,,unmatched
94,page_94_31.jpg,Unmatched_Page94_page_94_31.jpg,,unmatched
94,page_94_32.jpg,Unmatched_Page94_page_94_32.jpg,,unmatched
94,page_94_4.jpg,Unmatched_Page94_page_94_4.jpg,,unmatched
94,page_94_5.jpg,Unmatched_Page94_page_94_5.jpg,,unmatched
94,page_94_6.jpg,Unmatched_Page94_page_94_6.jpg,,unmatched
94,page_94_7.jpg,Unmatched_Page94_page_94_7.jpg,,unmatched
94,page_94_8.jpg,Unmatched_Page94_page_94_8.jpg,,unmatched
94,page_94_9.jpg,Unmatched_Page94_page_94_9.jpg,,unmatched
95,page_95_1.jpg,Unmatched_Page95_page_95_1.jpg,,unmatched
95,page_95_10.jpg,Unmatched_Page95_page_95_10.jpg,,unmatched
95,page_95_11.jpg,Unmatched_Page95_page_95_11.jpg,,unmatched
95,page_95_12.jpg,Unmatched_Page95_page_95_12.jpg,,unmatched
95,page_95_13.jpg,Unmatched_Page95_page_95_13.jpg,,unmatched
95,page_95_14.jpg,Unmatched_Page95_page_95_14.jpg,,unmatched
95,page_95_15.jpg,Unmatched_Page95_page_95_15.jpg,,unmatched
95,page_95_16.jpg,Unmatched_Page95_page_95_16.jpg,,unmatched
95,page_95_17.jpg,Unmatched_Page95_page_95_17.jpg,,unmatched
95,page_95_18.jpg,Unmatched_Page95_page_95_18.jpg,,unmatched
95,page_95_19.jpg,Unmatched_Page95_page_95_19.jpg,,unmatched
95,page_95_2.jpg,Unmatched_Page95_page_95_2.jpg,,unmatched
95,page_95_3.jpg,Unmatched_Page95_page_95_3.jpg,,unmatched
95,page_95_4.jpg,Unmatched_Page95_page_95_4.jpg,,unmatched
95,page_95_5.jpg,Unmatched_Page95_page_95_5.jpg,,unmatched
95,page_95_6.jpg,Unmatched_Page95_page_95_6.jpg,,unmatched
95,page_95_7.jpg,Unmatched_Page95_page_95_7.jpg,,unmatched
95,page_95_8.jpg,Unmatched_Page95_page_95_8.jpg,,unmatched
95,page_95_9.jpg,Unmatched_Page95_page_95_9.jpg,,unmatched
96,page_96_1.jpg,Unmatched_Page96_page_96_1.jpg,,unmatched
96,page_96_10.jpg,Unmatched_Page96_page_96_10.jpg,,unmatched
96,page_96_11.jpg,Unmatched_Page96_page_96_11.jpg,,unmatched
96,page_96_12.jpg,Unmatched_Page96_page_96_12.jpg,,unmatched
96,page_96_13.jpg,Unmatched_Page96_page_96_13.jpg,,unmatched
96,page_96_14.jpg,Unmatched_Page96_page_96_14.jpg,,unmatched
96,page_96_15.jpg,Unmatched_Page96_page_96_15.jpg,,unmatched
96,page_96_16.jpg,Unmatched_Page96_page_96_16.jpg,,unmatched
96,page_96_17.jpg,Unmatched_Page96_page_96_17.jpg,,unmatched
96,page_96_18.jpg,Unmatched_Page96_page_96_18.jpg,,unmatched
96,page_96_19.jpg,Unmatched_Page96_page_96_19.jpg,,unmatched
96,page_96_2.jpg,Unmatched_Page96_page_96_2.jpg,,unmatched
96,page_96_20.jpg,Unmatched_Page96_page_96_20.jpg,,unmatched
96,page_96_21.jpg,Unmatched_Page96_page_96_21.jpg,,unmatched
96,page_96_22.jpg,Unmatched_Page96_page_96_22.jpg,,unmatched
96,page_96_23.jpg,Unmatched_Page96_page_96_23.jpg,,unmatched
96,page_96_24.jpg,Unmatched_Page96_page_96_24.jpg,,unmatched
96,page_96_25.jpg,Unmatched_Page96_page_96_25.jpg,,unmatched
96,page_96_26.jpg,Unmatched_Page96_page_96_26.jpg,,unmatched
96,page_96_27.jpg,Unmatched_Page96_page_96_27.jpg,,unmatched
96,page_96_28.jpg,Unmatched_Page96_page_96_28.jpg,,unmatched
96,page_96_3.jpg,Unmatched_Page96_page_96_3.jpg,,unmatched
96,page_96_4.jpg,Unmatched_Page96_page_96_4.jpg,,unmatched
96,page_96_5.jpg,Unmatched_Page96_page_96_5.jpg,,unmatched
96,page_96_6.jpg,Unmatched_Page96_page_96_6.jpg,,unmatched
96,page_96_7.jpg,Unmatched_Page96_page_96_7.jpg,,unmatched
96,page_96_8.jpg,Unmatched_Page96_page_96_8.jpg,,unmatched
96,page_96_9.jpg,Unmatched_Page96_page_96_9.jpg,,unmatched
97,page_97_1.jpg,Unmatched_Page97_page_97_1.jpg,,unmatched
97,page_97_10.jpg,Unmatched_Page97_page_97_10.jpg,,unmatched
97,page_97_11.jpg,Unmatched_Page97_page_97_11.jpg,,unmatched
97,page_97_12.jpg,Unmatched_Page97_page_97_12.jpg,,unmatched
97,page_97_13.jpg,Unmatched_Page97_page_97_13.jpg,,unmatched
97,page_97_14.jpg,Unmatched_Page97_page_97_14.jpg,,unmatched
97,page_97_15.jpg,Unmatched_Page97_page_97_15.jpg,,unmatched
97,page_97_16.jpg,Unmatched_Page97_page_97_16.jpg,,unmatched
97,page_97_17.jpg,Unmatched_Page97_page_97_17.jpg,,unmatched
97,page_97_18.jpg,Unmatched_Page97_page_97_18.jpg,,unmatched
97,page_97_19.jpg,Unmatched_Page97_page_97_19.jpg,,unmatched
97,page_97_2.jpg,Unmatched_Page97_page_97_2.jpg,,unmatched
97,page_97_20.jpg,Unmatched_Page97_page_97_20.jpg,,unmatched
97,page_97_3.jpg,Unmatched_Page97_page_97_3.jpg,,unmatched
97,page_97_4.jpg,Unmatched_Page97_page_97_4.jpg,,unmatched
97,page_97_5.jpg,Unmatched_Page97_page_97_5.jpg,,unmatched
97,page_97_6.jpg,Unmatched_Page97_page_97_6.jpg,,unmatched
97,page_97_7.jpg,Unmatched_Page97_page_97_7.jpg,,unmatched
97,page_97_8.jpg,Unmatched_Page97_page_97_8.jpg,,unmatched
97,page_97_9.jpg,Unmatched_Page97_page_97_9.jpg,,unmatched
98,page_98_1.jpg,Unmatched_Page98_page_98_1.jpg,,unmatched
98,page_98_2.jpg,Unmatched_Page98_page_98_2.jpg,,unmatched
98,page_98_3.jpg,Unmatched_Page98_page_98_3.jpg,,unmatched
98,page_98_4.jpg,Unmatched_Page98_page_98_4.jpg,,unmatched
98,page_98_5.jpg,Unmatched_Page98_page_98_5.jpg,,unmatched
98,page_98_6.jpg,Unmatched_Page98_page_98_6.jpg,,unmatched
98,page_98_7.jpg,Unmatched_Page98_page_98_7.jpg,,unmatched
98,page_98_8.jpg,Unmatched_Page98_page_98_8.jpg,,unmatched
99,page_99_1.jpg,Unmatched_Page99_page_99_1.jpg,,unmatched
99,page_99_10.jpg,Unmatched_Page99_page_99_10.jpg,,unmatched
99,page_99_11.jpg,Unmatched_Page99_page_99_11.jpg,,unmatched
99,page_99_12.jpg,Unmatched_Page99_page_99_12.jpg,,unmatched
99,page_99_13.jpg,Unmatched_Page99_page_99_13.jpg,,unmatched
99,page_99_14.jpg,Unmatched_Page99_page_99_14.jpg,,unmatched
99,page_99_15.jpg,Unmatched_Page99_page_99_15.jpg,,unmatched
99,page_99_16.jpg,Unmatched_Page99_page_99_16.jpg,,unmatched
99,page_99_17.jpg,Unmatched_Page99_page_99_17.jpg,,unmatched
99,page_99_18.jpg,Unmatched_Page99_page_99_18.jpg,,unmatched
99,page_99_19.jpg,Unmatched_Page99_page_99_19.jpg,,unmatched
99,page_99_2.jpg,Unmatched_Page99_page_99_2.jpg,,unmatched
99,page_99_20.jpg,Unmatched_Page99_page_99_20.jpg,,unmatched
99,page_99_21.jpg,Unmatched_Page99_page_99_21.jpg,,unmatched
99,page_99_22.jpg,Unmatched_Page99_page_99_22.jpg,,unmatched
99,page_99_23.jpg,Unmatched_Page99_page_99_23.jpg,,unmatched
99,page_99_24.jpg,Unmatched_Page99_page_99_24.jpg,,unmatched
99,page_99_25.jpg,Unmatched_Page99_page_99_25.jpg,,unmatched
99,page_99_26.jpg,Unmatched_Page99_page_99_26.jpg,,unmatched
99,page_99_27.jpg,Unmatched_Page99_page_99_27.jpg,,unmatched
99,page_99_28.jpg,Unmatched_Page99_page_99_28.jpg,,unmatched
99,page_99_29.jpg,Unmatched_Page99_page_99_29.jpg,,unmatched
99,page_99_3.jpg,Unmatched_Page99_page_99_3.jpg,,unmatched
99,page_99_30.jpg,Unmatched_Page99_page_99_30.jpg,,unmatched
99,page_99_4.jpg,Unmatched_Page99_page_99_4.jpg,,unmatched
99,page_99_5.jpg,Unmatched_Page99_page_99_5.jpg,,unmatched
99,page_99_6.jpg,Unmatched_Page99_page_99_6.jpg,,unmatched
99,page_99_7.jpg,Unmatched_Page99_page_99_7.jpg,,unmatched
99,page_99_8.jpg,Unmatched_Page99_page_99_8.jpg,,unmatched
99,page_99_9.jpg,Unmatched_Page99_page_99_9.jpg,,unmatched
9,page_9_1.jpg,Page9__COUGAR__Page9.jpg,COUGAR,matched
9,page_9_2.jpg,Page9__BULL_ELK_1__Page9.jpg,BULL ELK 1,matched
9,page_9_3.jpg,Page9__BULL_ELK_2__Page9.jpg,BULL ELK 2,matched
9,page_9_4.jpg,Page9__CARIBOU__Page9.jpg,CARIBOU,matched
9,page_9_5.jpg,Page9__BIGHORN__Page9.jpg,BIGHORN,matched
